Fecha de cotización;Apertura;Cierre;Máximo;Mínimo;Promedio;Cantidad negociada;Monto negociado (S/);Fecha anterior;Cierre anterior corregido
19/05/2026;33.51;33.51;33.51;33.51;33.65207006369427;942;31700.25;18/05/2026;33.51
18/05/2026;33.56;33.51;33.56;33.51;33.54029161603888;823;27603.66;14/05/2026;33.51
15/05/2026;;;;;33.791881720430105;186;6285.29;14/05/2026;33.51
14/05/2026;33.5;33.51;33.51;33.5;33.54441908713693;482;16168.41;06/05/2026;34.1
13/05/2026;;;;;33.596774193548384;31;1041.5;06/05/2026;34.1
12/05/2026;;;;;34.06367521367521;234;7970.9;06/05/2026;34.1
11/05/2026;;;;;36.91228070175438;57;2104;06/05/2026;34.1
08/05/2026;;;;;33.370588235294115;34;1134.6;06/05/2026;34.1
07/05/2026;;;;;33.25333333333334;21;698.32;06/05/2026;34.1
06/05/2026;34.1;34.1;34.1;34.1;34.1;880;30008;05/05/2026;34.1
05/05/2026;34.1;34.1;34.1;34.1;34.1;2427;82760.7;04/05/2026;34.1
04/05/2026;34.1;34.1;34.1;34.1;33.93791183294663;431;14627.24;22/04/2026;34.1
30/04/2026;;;;;33.587938931297714;131;4400.02;22/04/2026;34.1
29/04/2026;;;;;34.07872340425532;235;8008.5;22/04/2026;34.1
28/04/2026;;34.1;;;34.04474885844749;219;7455.8;22/04/2026;34.1
27/04/2026;;34.1;;;33.990566037735846;106;3603;22/04/2026;34.1
24/04/2026;;;;;33.94505494505494;364;12356;22/04/2026;34.1
23/04/2026;;;;;33.67948717948718;39;1313.5;22/04/2026;34.1
22/04/2026;34.1;34.1;34.1;34.1;34.103583061889246;2456;83758.4;20/04/2026;34
21/04/2026;;;;;34.568075117370896;213;7363;20/04/2026;34
20/04/2026;34.1;34;34.1;34;34.06158974358974;585;19926.03;16/04/2026;34
17/04/2026;;;;;33.820948616600795;253;8556.7;16/04/2026;34
16/04/2026;34;34;34;34;34.018294974166274;2129;72424.95;15/04/2026;34
15/04/2026;33.2;34;34;33.15;33.49996282527881;2152;72091.92;10/04/2026;34.1
14/04/2026;;;;;34.382625189681335;659;22658.15;10/04/2026;34.1
13/04/2026;;;;;34.86204620462046;303;10563.2;10/04/2026;34.1
10/04/2026;35;34.1;35;34.1;34.5152;1750;60401.6;08/04/2026;35.5
09/04/2026;;;;;34.98187050359712;417;14587.44;08/04/2026;35.5
08/04/2026;35.5;35.5;35.5;35.5;35.5;605;21477.5;06/04/2026;35.79
07/04/2026;;;;;35.36721518987342;79;2794.01;06/04/2026;35.79
06/04/2026;35.79;35.79;35.79;35.79;35.44973995271867;423;14995.24;01/04/2026;35.79
01/04/2026;34.1;35.79;35.79;34.1;34.83201913875598;1045;36399.46;27/03/2026;35
31/03/2026;;;;;34.92727272727272;242;8452.4;27/03/2026;35
30/03/2026;;;;;34.877561475409834;488;17020.25;27/03/2026;35
27/03/2026;36;35;36;35;35.17869696969697;1980;69653.82;20/03/2026;37
26/03/2026;;;;;35.82222222222222;270;9672;20/03/2026;37
25/03/2026;;;;;35.5;80;2840;20/03/2026;37
24/03/2026;;;;;36.82824561403509;171;6297.63;20/03/2026;37
23/03/2026;;;;;36.7319587628866;291;10689;20/03/2026;37
20/03/2026;37;37;37;37;36.73241379310345;1015;37283.4;19/03/2026;35.5
19/03/2026;35.5;35.5;35.5;35.5;35.579449541284404;981;34903.44;16/03/2026;35.25
18/03/2026;;;;;35.94110294117647;136;4887.99;16/03/2026;35.25
17/03/2026;;;;;35.83009174311927;109;3905.48;16/03/2026;35.25
16/03/2026;35.25;35.25;35.25;35.25;35.49470198675497;604;21438.8;10/03/2026;35.2
13/03/2026;;;;;35.7;75;2677.5;10/03/2026;35.2
12/03/2026;;;;;36;130;4680;10/03/2026;35.2
11/03/2026;;;;;36.95346405228758;153;5653.88;10/03/2026;35.2
10/03/2026;35.2;35.2;35.2;35.2;35.78015057573074;1129;40395.79;09/03/2026;35.52
09/03/2026;36;35.52;36;35.52;35.94911149825784;1148;41269.58;06/03/2026;35.33
06/03/2026;36.55;35.33;36.55;35.33;35.96633528265107;1026;36901.46;05/03/2026;36.45
05/03/2026;35.21;36.45;36.6;35.21;35.9851461038961;2464;88667.4;02/03/2026;35.65
04/03/2026;;;;;36.43104125736739;509;18543.4;02/03/2026;35.65
03/03/2026;;;;;36.5;335;12227.5;02/03/2026;35.65
02/03/2026;35.65;35.65;35.65;35.65;35.840137362637364;1456;52183.24;27/02/2026;36.4
27/02/2026;36.9;36.4;36.9;36.4;36.82772858916012;2417;89012.62;26/02/2026;37
26/02/2026;37;37;37;36.7;36.917270331325305;2656;98052.27;25/02/2026;37
25/02/2026;37;37;37;37;36.704798927613936;373;13690.89;24/02/2026;38
24/02/2026;38;38;38;38;38.060097087378644;412;15680.76;16/02/2026;38.44
23/02/2026;;;;;37.14752851711027;263;9769.8;16/02/2026;38.44
20/02/2026;;;;;38.43;2;76.86;16/02/2026;38.44
19/02/2026;;;;;37.1975;240;8927.4;16/02/2026;38.44
18/02/2026;;;;;37.08158482142857;448;16612.55;16/02/2026;38.44
17/02/2026;;;;;38.45;128;4921.6;16/02/2026;38.44
16/02/2026;38.44;38.44;38.44;38.44;37.93807121661721;337;12785.13;11/02/2026;37.5
13/02/2026;;;;;37.541836734693874;196;7358.2;11/02/2026;37.5
12/02/2026;;;;;38.12174050632911;316;12046.47;11/02/2026;37.5
11/02/2026;38.4;37.5;38.5;37.5;38.22225;1600;61155.6;10/02/2026;38.5
10/02/2026;38.5;38.5;38.5;38.5;37.377389635316696;521;19473.62;09/02/2026;35.01
09/02/2026;37.5;35.01;39.9;35;37.2938189672099;5093;189937.42;02/02/2026;37.5
06/02/2026;;;;;37.31808641975309;162;6045.53;02/02/2026;37.5
05/02/2026;;;;;37.63122171945702;221;8316.5;02/02/2026;37.5
04/02/2026;;;;;37.51754385964912;57;2138.5;02/02/2026;37.5
03/02/2026;;;;;37.669333333333334;150;5650.4;02/02/2026;37.5
02/02/2026;37.5;37.5;37.5;37.5;37.70628880866426;1385;52223.21;30/01/2026;37.5
30/01/2026;37.5;37.5;37.5;37.5;37.47882352941176;425;15928.5;29/01/2026;37.5
29/01/2026;37.5;37.5;37.5;37.5;37.66854304635761;604;22751.8;28/01/2026;38.2
28/01/2026;38.2;38.2;38.2;37.1;37.76560364464692;878;33158.2;27/01/2026;38.2
27/01/2026;38;38.2;38.2;38;38.04164201183432;1352;51432.3;26/01/2026;38
26/01/2026;38;38;38;37;37.791363415817564;2061;77888;23/01/2026;37.5
23/01/2026;36.7;37.5;37.5;36.7;37.07782582938389;1688;62587.37;22/01/2026;36.3
22/01/2026;35.9;36.3;36.3;35.9;36.08470873786408;824;29733.8;21/01/2026;35.8
21/01/2026;36.4;35.8;36.4;35.8;36.009297124600636;2191;78896.37;20/01/2026;36.8
20/01/2026;36.84;36.8;36.84;36.8;36.77125173852573;719;26438.53;19/01/2026;36.9
19/01/2026;36.9;36.9;36.9;36.9;36.991930116472545;601;22232.15;16/01/2026;36.8
16/01/2026;37;36.8;38.9;36.8;37.89177639751553;4025;152514.4;15/01/2026;36.8
15/01/2026;36.8;36.8;36.8;36.8;36.754425942156004;1141;41936.8;14/01/2026;36.8
14/01/2026;36.7;36.8;36.8;36;36.63293789253315;1433;52495;13/01/2026;36.7
13/01/2026;36.7;36.7;36.7;36.7;36.165151515151514;759;27449.35;12/01/2026;36.6
12/01/2026;36.6;36.6;36.6;36.6;36.41185897435897;1560;56802.5;09/01/2026;35.6
09/01/2026;36.7;35.6;36.7;35;35.94872;3250;116833.34;08/01/2026;36.7
08/01/2026;36.7;36.7;36.7;36.7;36.69728965517241;1450;53211.07;07/01/2026;37
07/01/2026;36.24;37;38;36.24;37.35542235494881;4688;175122.22;06/01/2026;36
06/01/2026;36.25;36;36.25;36;35.9963772557031;2937;105721.36;05/01/2026;36.25
05/01/2026;36.2;36.25;36.25;36.2;36.21943319838057;494;17892.4;02/01/2026;35.8
02/01/2026;35.8;35.8;35.8;35.8;35.67539787798408;754;26899.25;31/12/2025;35.8
01/01/2026;;;;;;;;;35.8
31/12/2025;35.8;35.8;35.8;35.8;35.569138276553105;499;17749;30/12/2025;36
30/12/2025;36;36;36;36;35.9130265095729;1358;48769.89;26/12/2025;36
29/12/2025;;;;;35.87135416666667;384;13774.6;26/12/2025;36
26/12/2025;36;36;36;36;36.02242578456319;1179;42470.44;23/12/2025;35.99
24/12/2025;;;;;36;26;936;23/12/2025;35.99
23/12/2025;34.26;35.99;35.99;33.5;35.084002267573695;1764;61888.18;22/12/2025;35.5
22/12/2025;35.3;35.5;35.5;35.3;35.42992125984252;1143;40496.4;19/12/2025;35.5
19/12/2025;35.5;35.5;36;35.5;35.6044776119403;1005;35782.5;18/12/2025;35.3
18/12/2025;35.3;35.3;35.3;35.3;35.470680628272255;573;20324.7;17/12/2025;35.99
17/12/2025;35.99;35.99;35.99;35.99;35.80384210526316;380;13605.46;16/12/2025;34.62
16/12/2025;34.62;34.62;34.62;34.62;35.013671013039115;997;34908.63;15/12/2025;35.32
15/12/2025;35.32;35.32;35.32;35.32;35.314212893553226;1334;47109.16;12/12/2025;35.32
12/12/2025;35.32;35.32;35.32;35.32;35.450498721227625;782;27722.29;11/12/2025;35.32
11/12/2025;36.9;35.32;36.9;35.32;35.79809595202399;1334;47754.66;10/12/2025;35.74
10/12/2025;35.74;35.74;35.74;35.74;35.78725330620549;983;35178.87;05/12/2025;36
05/12/2025;36;36;36;36;36.18051575931232;349;12627;04/12/2025;36
04/12/2025;34.8;36;36;34.8;35.5603428997391;2683;95408.4;03/12/2025;34.55
03/12/2025;35.7;34.55;35.7;34.55;35.34722222222222;1314;46446.25;02/12/2025;34.51
02/12/2025;34.51;34.51;34.51;34.51;34.98904109589041;657;22987.8;28/11/2025;35.5
01/12/2025;;;;;35.39770491803279;305;10796.3;28/11/2025;35.5
28/11/2025;35.01;35.5;35.5;35;35.06287337057728;5370;188287.63;27/11/2025;33.79
27/11/2025;33.79;33.79;33.79;33.79;34.64829405162739;891;30871.63;21/11/2025;35
26/11/2025;;;;;36.077777777777776;135;4870.5;21/11/2025;35
25/11/2025;;;;;35.06833976833977;259;9082.7;21/11/2025;35
24/11/2025;;;;;34.99636363636363;110;3849.6;21/11/2025;35
21/11/2025;35;35;35;35;34.16009070294785;441;15064.6;19/11/2025;35
20/11/2025;;;;;35.07801418439716;141;4946;19/11/2025;35
19/11/2025;35;35;35;35;35.11027624309392;362;12709.92;07/11/2025;36
18/11/2025;;;;;36;80;2880;07/11/2025;36
17/11/2025;;;;;36.01983739837398;123;4430.44;07/11/2025;36
14/11/2025;;;;;36;107;3852;07/11/2025;36
13/11/2025;;;;;35.04;100;3504;07/11/2025;36
12/11/2025;;;;;36;100;3600;07/11/2025;36
11/11/2025;;;;;36.460085836909876;233;8495.2;07/11/2025;36
10/11/2025;;;;;35.94434210526316;152;5463.54;07/11/2025;36
07/11/2025;36;36;36;36;35.919686684073106;383;13757.24;04/11/2025;37.4
06/11/2025;;;;;36;38;1368;04/11/2025;37.4
05/11/2025;;;;;36.76923076923077;130;4780;04/11/2025;37.4
04/11/2025;38;37.4;38;37.4;37.47552447552447;1287;48231;28/10/2025;38
03/11/2025;;;;;35.50228310502283;219;7775;28/10/2025;38
31/10/2025;;;;;36.2;200;7240;28/10/2025;38
30/10/2025;;;;;;;;28/10/2025;38
29/10/2025;;;;;37.08375;72;2670.03;28/10/2025;38
28/10/2025;38;38;38;38;37.62538699690403;323;12153;27/10/2025;36
27/10/2025;36;36;36;36;35.830028328611895;706;25296;23/10/2025;36
24/10/2025;;;;;35.949999999999996;187;6722.65;23/10/2025;36
23/10/2025;36;36;36;36;35.98487140695915;661;23786;20/10/2025;36
22/10/2025;;;;;36.098;150;5414.7;20/10/2025;36
21/10/2025;;;;;36.36915300546448;366;13311.11;20/10/2025;36
20/10/2025;36;36;36.01;36;36.01141801259239;3653;131549.71;14/10/2025;36.8
17/10/2025;;;;;36.857142857142854;28;1032;14/10/2025;36.8
16/10/2025;;;;;36.82716049382716;81;2983;14/10/2025;36.8
15/10/2025;;;;;36.666666666666664;30;1100;14/10/2025;36.8
14/10/2025;36.8;36.8;36.8;36.8;36.6478978978979;666;24407.5;10/10/2025;36.6
13/10/2025;;;;;;;;10/10/2025;36.6
10/10/2025;36;36.6;36.6;36;36.18853948287911;1431;51785.8;06/10/2025;36.6
09/10/2025;;;;;36.622384105960265;151;5529.98;06/10/2025;36.6
07/10/2025;;;;;37.134408602150536;93;3453.5;06/10/2025;36.6
06/10/2025;36.6;36.6;36.6;36.6;36.59375;400;14637.5;03/10/2025;36.6
03/10/2025;36.6;36.6;36.6;36.6;36.6;490;17934;02/10/2025;36.6
02/10/2025;36.6;36.6;36.6;36.6;36.60094786729858;633;23168.4;30/09/2025;36.3
01/10/2025;;;;;36.271090047393365;211;7653.2;30/09/2025;36.3
30/09/2025;36.3;36.3;36.3;36.3;36.289324437030864;1199;43510.9;29/09/2025;36.1
29/09/2025;36.1;36.1;36.1;36.1;36.14237154150197;1265;45720.1;25/09/2025;36.4
26/09/2025;;;;;36.493959731543626;149;5437.6;25/09/2025;36.4
25/09/2025;36.4;36.4;36.4;36.4;36.480503978779836;377;13753.15;24/09/2025;36.7
24/09/2025;36.4;36.7;36.7;36.4;36.48571428571429;1148;41885.6;22/09/2025;36.8
23/09/2025;;;;;36.06666666666667;18;649.2;22/09/2025;36.8
22/09/2025;36.8;36.8;36.8;36.8;37.25545787545787;273;10170.74;18/09/2025;36.67
19/09/2025;;;;;36.64608695652174;161;5900.02;18/09/2025;36.67
18/09/2025;36.67;36.67;36.67;36.67;36.71510480887793;811;29775.95;15/09/2025;36.8
17/09/2025;;;;;;;;15/09/2025;36.8
16/09/2025;;;;;36.78594594594595;74;2722.16;15/09/2025;36.8
15/09/2025;36.8;36.8;36.8;36.8;36.829712460063895;939;34583.1;12/09/2025;36.7
12/09/2025;36.7;36.7;36.7;36.7;36.74986431478969;737;27084.65;11/09/2025;36.85
11/09/2025;36.85;36.85;36.85;36.85;36.90758942457232;643;23731.58;10/09/2025;37.29
10/09/2025;37.29;37.29;37.29;37.29;37.29145631067961;618;23046.12;09/09/2025;37.29
09/09/2025;37.2;37.29;37.29;37.2;37.22656928838951;1335;49697.47;02/09/2025;37
08/09/2025;;;;;37.09430894308943;123;4562.6;02/09/2025;37
05/09/2025;;;;;37.04546875;128;4741.82;02/09/2025;37
04/09/2025;;;;;37.16513661202186;183;6801.22;02/09/2025;37
03/09/2025;;;;;36.80535714285714;112;4122.2;02/09/2025;37
02/09/2025;37;37;37;37;37.0013468013468;594;21978.8;01/09/2025;37
01/09/2025;37;37;37;37;36.9133676092545;778;28718.6;28/08/2025;37
29/08/2025;;;;;36.24369230769231;325;11779.2;28/08/2025;37
28/08/2025;37;37;37;37;36.870729783037476;1014;37386.92;27/08/2025;37
27/08/2025;37;37;37;37;37.25639898562976;1183;44074.32;26/08/2025;37
26/08/2025;37;37;37;37;37.09438202247191;979;36315.4;25/08/2025;37
25/08/2025;37;37;37;37;37.01240291262136;824;30498.22;20/08/2025;37.02
22/08/2025;;;;;37.35761467889908;218;8143.96;20/08/2025;37.02
21/08/2025;;;;;37.958591549295775;71;2695.06;20/08/2025;37.02
20/08/2025;37.02;37.02;37.02;37.02;37.46473829201102;363;13599.7;15/08/2025;37.5
19/08/2025;;;;;38.28815331010453;287;10988.7;15/08/2025;37.5
18/08/2025;;;;;37.60628571428571;630;23691.96;15/08/2025;37.5
15/08/2025;37.5;37.5;37.5;37.5;37.57164097914777;1103;41441.52;04/08/2025;40.99
14/08/2025;;;;;;;;04/08/2025;40.99
13/08/2025;;;;;37.99;100;3799;04/08/2025;40.99
12/08/2025;;;;;38.47761194029851;67;2578;04/08/2025;40.99
11/08/2025;;;;;39.61666666666667;15;594.25;04/08/2025;40.99
08/08/2025;;;;;39.675862068965515;145;5753;04/08/2025;40.99
07/08/2025;;;;;38.88059701492537;201;7815;04/08/2025;40.99
05/08/2025;;;;;40.2125;16;643.4;04/08/2025;40.99
04/08/2025;39;40.99;40.99;39;39.94543478260869;1012;40424.78;31/07/2025;38.3
01/08/2025;;;;;37.940000000000005;305;11571.7;31/07/2025;38.3
31/07/2025;38.3;38.3;38.3;38.3;38.32987804878049;328;12572.2;25/07/2025;38.3
30/07/2025;;;;;38.309826589595374;173;6627.6;25/07/2025;38.3
25/07/2025;38.3;38.3;38.3;38.3;38.67893229166666;384;14852.71;22/07/2025;38
24/07/2025;;;;;38.692424242424245;231;8937.95;22/07/2025;38
22/07/2025;38;38;38;38;38.14741818181818;550;20981.08;21/07/2025;38.3
21/07/2025;38.5;38.3;38.5;38.3;38.44507403751234;1013;38944.86;18/07/2025;38.5
18/07/2025;38.5;38.5;38.5;38.5;38.61930585683297;461;17803.5;15/07/2025;38.2
17/07/2025;;;;;38.82244444444444;180;6988.04;15/07/2025;38.2
16/07/2025;;;;;38.18102803738318;642;24512.22;15/07/2025;38.2
15/07/2025;39;38.2;39;38.2;38.23769685935366;10985;420041.1;14/07/2025;39
14/07/2025;39;39;39;39;39.673136842105265;475;18844.74;11/07/2025;39.98
11/07/2025;39.98;39.98;39.98;39.98;39.856154553817845;1087;43323.64;10/07/2025;39.9
10/07/2025;40;39.9;40;39.9;39.95438848920863;1251;49982.94;09/07/2025;40
09/07/2025;41;40;41;40;40.570372239747634;4755;192912.12;08/07/2025;41
08/07/2025;41.99;41;41.99;41;41.36948685857322;799;33054.22;04/07/2025;42
07/07/2025;;;;;41.95561403508771;228;9565.88;04/07/2025;42
04/07/2025;42;42;42;42;41.995281306715064;1102;46278.8;03/07/2025;42
03/07/2025;42;42;42;42;41.98247011952191;1004;42150.4;02/07/2025;42
02/07/2025;42.2;42;42.2;42;41.87376655629139;1208;50583.51;01/07/2025;41
01/07/2025;39.5;41;41;39;39.469670188920915;9369;369791.34;30/06/2025;42.27
30/06/2025;45.8;46.3;46.3;45.8;46.23277745830937;1739;80398.8;27/06/2025;46.8
27/06/2025;47.4;46.8;47.8;46.8;47.11794001578532;5068;238793.72;26/06/2025;47.4
26/06/2025;46.5;47.4;47.4;46.5;47.320177838577294;1462;69182.1;25/06/2025;48
25/06/2025;48;48;48;47.15;47.84209077740222;2071;99080.97;24/06/2025;47.15
24/06/2025;47.15;47.15;47.15;47.15;47.15705202312139;519;24474.51;23/06/2025;47.1
23/06/2025;47.1;47.1;47.1;47.1;47.073868613138686;685;32245.6;20/06/2025;47.1
20/06/2025;47;47.1;47.1;47;47.04683544303797;1659;78050.7;18/06/2025;47.1
19/06/2025;;;;;47.25666666666667;189;8931.51;18/06/2025;47.1
18/06/2025;47;47.1;47.15;47;47.07893345487693;1097;51645.59;17/06/2025;47.5
17/06/2025;46.3;47.5;47.5;46.3;47.17573388203017;3645;171955.55;12/06/2025;46.3
16/06/2025;;;;;46.2871921182266;203;9396.3;12/06/2025;46.3
13/06/2025;;;;;46.300000000000004;7;324.1;12/06/2025;46.3
12/06/2025;46;46.3;46.3;46;46.01719438877756;998;45925.16;11/06/2025;46.3
11/06/2025;46.3;46.3;46.3;46.3;46.3221875;544;25199.27;10/06/2025;45
10/06/2025;45;45;45;45;45.37225331794576;3466;157260.23;09/06/2025;45
09/06/2025;45;45;45;45;44.99131190269331;1151;51785;06/06/2025;45
06/06/2025;45;45;45;45;44.94930875576037;434;19508;05/06/2025;45
05/06/2025;45;45;45;45;44.99820895522388;335;15074.4;03/06/2025;45
04/06/2025;;;;;45;300;13500;03/06/2025;45
03/06/2025;45;45;45;45;45;695;31275;30/05/2025;45
02/06/2025;;;;;44.96616541353384;532;23922;30/05/2025;45
30/05/2025;45;45;45;45;44.96269430051814;579;26033.4;28/05/2025;45
29/05/2025;;;;;45;144;6480;28/05/2025;45
28/05/2025;45;45;45;45;44.99677524429968;307;13814.01;27/05/2025;45
27/05/2025;45;45;45;45;45;525;23625;26/05/2025;45
26/05/2025;45;45;45;45;45;383;17235;23/05/2025;45
23/05/2025;45;45;45;45;45;841;37845;22/05/2025;45
22/05/2025;44;45;45;44;44.62262334536703;1662;74162.8;21/05/2025;45
21/05/2025;44;45;45;44;44.7943853427896;1692;75792.1;20/05/2025;44
20/05/2025;44;44;44;44;44.0502722323049;1102;48543.4;19/05/2025;44
19/05/2025;44;44;44;44;44.54858490566038;848;37777.2;16/05/2025;45
16/05/2025;44.9;45;45.2;44.5;44.99071433398662;14797;665727.6;15/05/2025;45.5
15/05/2025;44;45.5;45.5;44;44.73680751173709;639;28586.82;13/05/2025;44
14/05/2025;;;;;44.01125;176;7745.98;13/05/2025;44
13/05/2025;44;44;44;44;44.07728674203494;973;42887.2;12/05/2025;44
12/05/2025;45;44;45;44;44.464072494669516;938;41707.3;08/05/2025;45
09/05/2025;;;;;44.81101694915254;59;2643.85;08/05/2025;45
08/05/2025;43.99;45;45;43.99;44.15935162094763;1604;70831.6;07/05/2025;43.8
07/05/2025;44;43.8;44;43.8;43.9078093306288;1972;86586.2;06/05/2025;44
06/05/2025;44;44;44;44;43.934174553102;951;41781.4;05/05/2025;43
05/05/2025;43.1;43;43.1;43;43.6994691943128;1055;46102.94;02/05/2025;43.3
02/05/2025;45.7;43.3;45.7;43.3;44.48911378555799;914;40663.05;29/04/2025;43.5
30/04/2025;;;;;45.4;50;2270;29/04/2025;43.5
29/04/2025;43.51;43.5;43.51;43.5;43.7043458781362;1116;48774.05;28/04/2025;43.5
28/04/2025;43.5;43.5;43.5;43.5;43.59109515260324;557;24280.24;23/04/2025;42
25/04/2025;;;;;43.92330097087379;206;9048.2;23/04/2025;42
24/04/2025;;;;;42.919182389937106;159;6824.15;23/04/2025;42
23/04/2025;42;42;42;42;42.08062786134729;1529;64341.28;21/04/2025;41.65
22/04/2025;;;;;42.68098039215686;255;10883.65;21/04/2025;41.65
21/04/2025;41.5;41.65;41.65;41.5;41.681389236545684;799;33303.43;16/04/2025;41.01
16/04/2025;41;41.01;41.01;41;41.013639846743295;522;21409.12;15/04/2025;41
15/04/2025;41;41;41;41;41.42039952996475;851;35248.76;14/04/2025;42.23
14/04/2025;41;42.23;42.23;41;41.24418928833456;1363;56215.83;09/04/2025;41
11/04/2025;;;;;40.942078853046596;279;11422.84;09/04/2025;41
10/04/2025;;;;;40.986082474226805;388;15902.6;09/04/2025;41
09/04/2025;41;41;41;41;40.99600420609884;951;38987.2;08/04/2025;40.95
08/04/2025;40.95;40.95;40.95;40.95;41.13545454545454;275;11312.25;07/04/2025;40.9
07/04/2025;41.04;40.9;43.7;40.9;42.05100742311771;943;39654.1;04/04/2025;41.72
04/04/2025;41.73;41.72;41.73;41.72;41.66544401544402;777;32374.05;03/04/2025;41.72
03/04/2025;41.72;41.72;41.72;41.72;42.59526682134571;431;18358.56;02/04/2025;41.72
02/04/2025;41.75;41.72;41.75;41.72;41.757449455676515;643;26850.04;28/03/2025;41.9
01/04/2025;;;;;42.227802768166086;578;24407.67;28/03/2025;41.9
31/03/2025;;;;;43.809090909090905;11;481.9;28/03/2025;41.9
28/03/2025;41.9;41.9;41.9;41.9;42.23167848699764;846;35728;27/03/2025;43
27/03/2025;43;43;43;43;43.10895522388059;402;17329.8;26/03/2025;44
26/03/2025;43;44;44;43;43.486291486291485;1386;60272;25/03/2025;41.51
25/03/2025;41.5;41.51;41.51;41.5;41.60660270880361;886;36863.45;21/03/2025;41
24/03/2025;;;;;;;;21/03/2025;41
21/03/2025;43;41;43;41;42.25398089171974;628;26535.5;19/03/2025;41
20/03/2025;;;;;42.87096774193548;124;5316;19/03/2025;41
19/03/2025;41;41;41;41;41.189034369885434;611;25166.5;18/03/2025;41
18/03/2025;41.6;41;41.6;41;41.54265159301131;973;40421;13/03/2025;42
17/03/2025;;;;;42.30769230769231;52;2200;13/03/2025;42
14/03/2025;;;;;42;25;1050;13/03/2025;42
13/03/2025;42;42;42;42;42.003502626970224;1142;47968;12/03/2025;42
12/03/2025;42;42;42;42;42.111451612903224;620;26109.1;10/03/2025;43
11/03/2025;;;;;42.64363636363636;330;14072.4;10/03/2025;43
10/03/2025;43;43;43;43;43.02169197396963;922;39666;07/03/2025;43
07/03/2025;43;43;43;43;43.003781512605045;1547;66526.85;05/03/2025;42.2
06/03/2025;;;;;42.63221476510067;149;6352.2;05/03/2025;42.2
05/03/2025;42.2;42.2;42.2;42.2;42.20478873239436;1065;44948.1;04/03/2025;42.2
04/03/2025;42.36;42.2;42.36;42;42.47614457831325;830;35255.2;03/03/2025;44
03/03/2025;44;44;44;44;44;152;6688;28/02/2025;44
28/02/2025;44;44;44;44;43.54639175257732;485;21120;26/02/2025;44
27/02/2025;;;;;45.1253164556962;158;7129.8;26/02/2025;44
26/02/2025;44;44;45;44;44.39670658682635;668;29657;25/02/2025;44
25/02/2025;44;44;44;44;44.05648854961832;655;28857;24/02/2025;44
24/02/2025;44;44;44;44;44.024965002333175;2143;94345.5;21/02/2025;42.25
21/02/2025;42.3;42.25;42.3;42.25;42.3927813163482;942;39934;20/02/2025;42
20/02/2025;44;42;44;42;42.7156704361874;1238;52882;04/02/2025;45
19/02/2025;;;;;43.333333333333336;150;6500;04/02/2025;45
18/02/2025;;;;;43.66153846153846;65;2838;04/02/2025;45
17/02/2025;;;;;43;38;1634;04/02/2025;45
14/02/2025;;;;;43.458;50;2172.9;04/02/2025;45
13/02/2025;;;;;;;;04/02/2025;45
12/02/2025;;;;;42.69236842105263;38;1622.31;04/02/2025;45
11/02/2025;;;;;45;22;990;04/02/2025;45
10/02/2025;;;;;45;308;13860;04/02/2025;45
07/02/2025;;;;;45;28;1260;04/02/2025;45
06/02/2025;;;;;46.57;1;46.57;04/02/2025;45
05/02/2025;;;;;47.031748251748255;143;6725.54;04/02/2025;45
04/02/2025;45;45;45;45;45.026315789473685;247;11121.5;31/01/2025;42.61
03/02/2025;;;;;45.5;30;1365;31/01/2025;42.61
31/01/2025;42.61;42.61;42.61;42.61;42.786359743040684;467;19981.23;30/01/2025;42.6
30/01/2025;43;42.6;43;42.6;42.77254901960784;459;19632.6;23/01/2025;47
29/01/2025;;;;;46.375;140;6492.5;23/01/2025;47
28/01/2025;;;;;46.5;3;139.5;23/01/2025;47
27/01/2025;;;;;47;2;94;23/01/2025;47
24/01/2025;;;;;47;3;141;23/01/2025;47
23/01/2025;47;47;47;47;47;770;36190;22/01/2025;47
22/01/2025;47;47;47;47;45.29906166219839;373;16896.55;15/01/2025;44.1
21/01/2025;;;;;44.94466019417476;103;4629.3;15/01/2025;44.1
20/01/2025;;;;;44.239999999999995;55;2433.2;15/01/2025;44.1
17/01/2025;;;;;44.3;140;6202;15/01/2025;44.1
16/01/2025;;;;;;;;15/01/2025;44.1
15/01/2025;44.1;44.1;44.1;44.1;44.1;132;5821.2;10/01/2025;44
14/01/2025;;;;;45.66188340807175;223;10182.6;10/01/2025;44
13/01/2025;;;;;;;;10/01/2025;44
10/01/2025;42.6;44;45.4;42.6;43.78343472750316;1578;69090.26;31/12/2024;42.6
09/01/2025;;;;;44;4;176;31/12/2024;42.6
08/01/2025;;;;;42.793103448275865;58;2482;31/12/2024;42.6
07/01/2025;;;;;45;59;2655;31/12/2024;42.6
06/01/2025;;;;;42.7;10;427;31/12/2024;42.6
03/01/2025;;;;;44.98076923076923;52;2339;31/12/2024;42.6
02/01/2025;;;;;44.31051282051282;39;1728.11;31/12/2024;42.6
01/01/2025;;;;;;;;;42.6
31/12/2024;42.6;42.6;42.6;42.6;42.703913894324856;511;21821.7;27/12/2024;44
30/12/2024;;;;;44.3774647887324;71;3150.8;27/12/2024;44
27/12/2024;44;44;44;44;44.004784688995215;209;9197;10/12/2024;44
26/12/2024;;;;;45;51;2295;10/12/2024;44
24/12/2024;;;;;45;1;45;10/12/2024;44
23/12/2024;;;;;44;34;1496;10/12/2024;44
20/12/2024;;;;;44;60;2640;10/12/2024;44
19/12/2024;;;;;44;10;440;10/12/2024;44
18/12/2024;;;;;;;;10/12/2024;44
17/12/2024;;;;;44;44;1936;10/12/2024;44
16/12/2024;;;;;46.38;4;185.52;10/12/2024;44
13/12/2024;;;;;44;122;5368;10/12/2024;44
12/12/2024;;;;;44.80795454545454;88;3943.1;10/12/2024;44
11/12/2024;;;;;43.42614285714286;70;3039.83;10/12/2024;44
10/12/2024;45;44;45;44;44.3461749705767;2549;113038.4;06/12/2024;44
06/12/2024;44;44;44;44;44;2178;95832;03/12/2024;44
05/12/2024;;;;;43.594084507042254;71;3095.18;03/12/2024;44
04/12/2024;;;;;44.5;39;1735.5;03/12/2024;44
03/12/2024;44;44;44;44;44.14869565217391;575;25385.5;02/12/2024;45
02/12/2024;45;45;45;45;45.02575107296137;233;10491;29/11/2024;45
29/11/2024;45;45;45;45;44.93153692614771;501;22510.7;21/11/2024;45
28/11/2024;;;;;46.37;36;1669.32;21/11/2024;45
27/11/2024;;;;;46;1;46;21/11/2024;45
26/11/2024;;;;;46.15;42;1938.3;21/11/2024;45
25/11/2024;;;;;44.57659574468085;47;2095.1;21/11/2024;45
22/11/2024;;;;;43.375128205128206;78;3383.26;21/11/2024;45
21/11/2024;45;45;45;45;44.94178082191781;730;32807.5;20/11/2024;45
20/11/2024;45;45;45;45;45.02252252252252;222;9995;15/11/2024;45.5
19/11/2024;;;;;44.0616;75;3304.62;15/11/2024;45.5
18/11/2024;;;;;45.400000000000006;9;408.6;15/11/2024;45.5
15/11/2024;45.5;45.5;45.5;45.5;45.46859441552295;2113;96075.14;08/11/2024;45
14/11/2024;;;;;43.332965821389195;907;39303;08/11/2024;45
13/11/2024;;;;;44;200;8800;08/11/2024;45
12/11/2024;;;;;44.7625;32;1432.4;08/11/2024;45
11/11/2024;;;;;44.66464646464647;99;4421.8;08/11/2024;45
08/11/2024;45.8;45;45.8;45;45.361734972677596;732;33204.79;05/11/2024;45.8
07/11/2024;;;;;45.839999999999996;14;641.76;05/11/2024;45.8
06/11/2024;;;;;45.81;137;6275.97;05/11/2024;45.8
05/11/2024;45.8;45.8;45.8;45.8;45.95198996655518;1196;54958.58;04/11/2024;45.5
04/11/2024;44;45.5;45.5;44;45.058234582829506;827;37263.16;31/10/2024;44
31/10/2024;43.91;44;44;42.6;43.427562102830734;1731;75173.11;30/10/2024;45.3
30/10/2024;45.3;45.3;45.3;45.3;45.313880126182966;317;14364.5;29/10/2024;45.5
29/10/2024;45.5;45.5;45.5;45.5;45.51870196413322;1171;53302.4;22/10/2024;45.3
28/10/2024;;;;;47.134;35;1649.69;22/10/2024;45.3
25/10/2024;;;;;46.298670212765956;188;8704.15;22/10/2024;45.3
24/10/2024;;;;;45.5;12;546;22/10/2024;45.3
23/10/2024;;;;;46;46;2116;22/10/2024;45.3
22/10/2024;45.3;45.3;45.3;45.3;45.3;427;19343.1;18/10/2024;45.3
21/10/2024;;;;;45.299901477832506;203;9195.88;18/10/2024;45.3
18/10/2024;45.3;45.3;45.3;45.3;45.29250659630607;379;17165.86;11/10/2024;45.28
17/10/2024;;;;;45.2932;100;4529.32;11/10/2024;45.28
16/10/2024;;;;;46;3;138;11/10/2024;45.28
15/10/2024;;;;;45.28;89;4029.92;11/10/2024;45.28
14/10/2024;;;;;45.13084112149533;107;4829;11/10/2024;45.28
11/10/2024;45.28;45.28;45.28;45.28;43.9971974522293;628;27630.24;09/10/2024;45.28
10/10/2024;;;;;45.46133333333333;150;6819.2;09/10/2024;45.28
09/10/2024;49.5;49.98;50;49.5;49.72019076305221;1992;99042.62;07/10/2024;49
07/10/2024;49.5;49;49.5;49;49.26684782608695;644;31727.85;03/10/2024;50.7
04/10/2024;;;;;50.00630630630631;444;22202.8;03/10/2024;50.7
03/10/2024;50.7;50.7;50.7;50.7;50.76141479099678;311;15786.8;01/10/2024;50.9
02/10/2024;;;;;50.53585657370518;251;12684.5;01/10/2024;50.9
01/10/2024;50.9;50.9;50.9;50.9;50.9;270;13743;19/09/2024;50
30/09/2024;;;;;50.50442477876106;113;5707;19/09/2024;50
27/09/2024;;;;;50;171;8550;19/09/2024;50
26/09/2024;;;;;51.6;1;51.6;19/09/2024;50
25/09/2024;;;;;50.0984375;64;3206.3;19/09/2024;50
24/09/2024;;;;;50;2;100;19/09/2024;50
23/09/2024;;;;;48.90453333333333;150;7335.68;19/09/2024;50
20/09/2024;;;;;52;2;104;19/09/2024;50
19/09/2024;50;50;50;50;49.94908754623921;811;40508.71;12/09/2024;49
18/09/2024;;;;;49.028;285;13972.98;12/09/2024;49
17/09/2024;;;;;49.347272727272724;297;14656.14;12/09/2024;49
16/09/2024;;;;;49.61538461538461;65;3225;12/09/2024;49
13/09/2024;;;;;49.833333333333336;6;299;12/09/2024;49
12/09/2024;50;49;50;49;49.29011345218801;617;30412;10/09/2024;49
11/09/2024;;;;;49;6;294;10/09/2024;49
10/09/2024;49;49;49;49;49;333;16317;09/09/2024;49
09/09/2024;49;49;49;49;48.929125248508946;503;24611.35;04/09/2024;47.65
06/09/2024;;;;;48.15481927710843;166;7993.7;04/09/2024;47.65
05/09/2024;;;;;47.9;92;4406.8;04/09/2024;47.65
04/09/2024;47.65;47.65;47.65;47.65;47.64800804828974;497;23681.06;03/09/2024;47.65
03/09/2024;47.9;47.65;47.9;47;47.35168934975157;4629;219190.97;02/09/2024;47
02/09/2024;47;47;47;47;47.31090909090909;440;20816.8;19/08/2024;46
29/08/2024;;;;;46.557857142857145;70;3259.05;19/08/2024;46
28/08/2024;;;;;;;;19/08/2024;46
27/08/2024;;;;;46.5;10;465;19/08/2024;46
26/08/2024;;;;;47.9;11;526.9;19/08/2024;46
23/08/2024;;;;;49;59;2891;19/08/2024;46
22/08/2024;;;;;;;;19/08/2024;46
21/08/2024;;;;;47.87553191489362;94;4500.3;19/08/2024;46
20/08/2024;;;;;48;1;48;19/08/2024;46
19/08/2024;46;46;46;46;46.13886104783599;878;40509.92;14/08/2024;47.1
16/08/2024;;;;;46.41875;32;1485.4;14/08/2024;47.1
15/08/2024;;;;;48.16105263157895;57;2745.18;14/08/2024;47.1
14/08/2024;47.1;47.1;47.1;47.1;47.118651946542705;5163;243273.6;13/08/2024;46
13/08/2024;46;46;46;46;46.28398058252427;618;28603.5;12/08/2024;47
12/08/2024;47;47;47;47;47.00692167577413;1647;77420.4;05/08/2024;46.9
09/08/2024;;;;;46.900000000000006;26;1219.4;05/08/2024;46.9
08/08/2024;;;;;47;11;517;05/08/2024;46.9
07/08/2024;;;;;;;;05/08/2024;46.9
05/08/2024;46;46.9;46.9;46;46.75352856457033;2083;97387.6;02/08/2024;46.8
02/08/2024;46.8;46.8;46.8;46.8;46.91055793991416;466;21860.32;01/08/2024;46.9
01/08/2024;46.8;46.9;46.9;46.8;46.8177570093458;856;40076;31/07/2024;46.8
31/07/2024;45.55;46.8;46.8;45.55;46.16354941551541;941;43439.9;30/07/2024;45.51
30/07/2024;45.51;45.51;45.51;45.51;45.57521428571428;280;12761.06;26/07/2024;45.5
26/07/2024;45;45.5;46;42;43.78001415027593;7067;309393.36;25/07/2024;46.45
25/07/2024;46.2;46.45;46.45;46.2;46.35719178082192;876;40608.9;24/07/2024;45
24/07/2024;45.3;45;45.3;43.06;44.78545297670405;1159;51906.34;22/07/2024;46.9
22/07/2024;46.9;46.9;46.9;46.9;46.861497326203214;374;17526.2;18/07/2024;45
19/07/2024;;;;;46.9;46;2157.4;18/07/2024;45
18/07/2024;45;45;45;45;45.15977175463623;701;31657;17/07/2024;45
17/07/2024;45;45;45;44;44.69479758149317;3804;170019.01;16/07/2024;46.6
16/07/2024;44.2;46.6;47;42.51;44.773202815662124;2273;101769.49;08/07/2024;47
15/07/2024;;;;;48.5;115;5577.5;08/07/2024;47
12/07/2024;;;;;47;14;658;08/07/2024;47
11/07/2024;;;;;47.525;20;950.5;08/07/2024;47
10/07/2024;;;;;47;2;94;08/07/2024;47
09/07/2024;;;;;48;4;192;08/07/2024;47
08/07/2024;47;47;47;47;47.11865671641791;670;31569.5;04/07/2024;47
05/07/2024;;;;;46.95064935064935;77;3615.2;04/07/2024;47
04/07/2024;46;47;47;43;46.0323476802683;3578;164703.74;03/07/2024;47
03/07/2024;47;47;47;47;46.99729064039409;4060;190809;28/06/2024;46
02/07/2024;;;;;46.645833333333336;84;3918.25;28/06/2024;46
01/07/2024;;;;;47;90;4230;28/06/2024;46
28/06/2024;46.3;46;46.3;46;46.156188605108056;1018;46987;27/06/2024;46.7
27/06/2024;46.7;46.7;46.7;46.7;46.56533505154639;776;36134.7;26/06/2024;46.9
26/06/2024;46.9;46.9;46.9;46.9;46.74733333333334;150;7012.1;25/06/2024;44
25/06/2024;45;44;45;44;44.387259858442874;989;43899;21/06/2024;44
24/06/2024;;;;;46.9;25;1172.5;21/06/2024;44
21/06/2024;44;44;44;44;44;146;6424;19/06/2024;42
20/06/2024;;;;;42.2;2;84.4;19/06/2024;42
19/06/2024;42;42;42;42;42.57238219895288;764;32525.3;18/06/2024;43.5
18/06/2024;43.5;43.5;44;43.5;43.773313492063494;2016;88247;17/06/2024;41.5
17/06/2024;41.5;41.5;41.5;41.5;42.180494905385736;687;28978;12/06/2024;41
14/06/2024;;;;;;;;12/06/2024;41
13/06/2024;;;;;;;;12/06/2024;41
12/06/2024;41.01;41;41.01;41;41.007487499999996;800;32805.99;11/06/2024;41.01
11/06/2024;41;41.01;41.01;41;41.029634641407306;1478;60641.8;10/06/2024;41
10/06/2024;41;41;41;41;41.27619047619048;210;8668;06/06/2024;43
06/06/2024;43;43;43;43;42.393918128654974;855;36246.8;05/06/2024;42
05/06/2024;42;42;42;42;42.01839464882943;598;25127;04/06/2024;42
04/06/2024;42;42;42;42;42;1489;62538;03/06/2024;42
03/06/2024;42;42;42;42;42.00266171792153;943;39608.51;30/05/2024;42
31/05/2024;;;;;43;455;19565;30/05/2024;42
30/05/2024;43.5;42;43.5;42;42.695634920634916;2268;96833.7;21/05/2024;43.5
29/05/2024;;;;;45.93867924528302;106;4869.5;21/05/2024;43.5
28/05/2024;;;;;45.992000000000004;20;919.84;21/05/2024;43.5
27/05/2024;;;;;45;100;4500;21/05/2024;43.5
24/05/2024;;;;;;;;21/05/2024;43.5
23/05/2024;;;;;42.99010695187165;374;16078.3;21/05/2024;43.5
22/05/2024;;;;;43.5;84;3654;21/05/2024;43.5
21/05/2024;43.5;43.5;43.5;43.5;43.489;500;21744.5;20/05/2024;44
20/05/2024;44;44;44;44;44;745;32780;17/05/2024;44
17/05/2024;45;44;45;44;44.879417475728154;5150;231129;15/05/2024;45
16/05/2024;;;;;44.45047923322684;313;13913;15/05/2024;45
15/05/2024;45;45;45;44;44.88966453364359;5157;231496;13/05/2024;45
14/05/2024;;;;;47.676237623762376;101;4815.3;13/05/2024;45
13/05/2024;45;45;45;45;45;171;7695;10/05/2024;47
10/05/2024;47;47;47;47;47;389;18283;09/05/2024;47
09/05/2024;47;47;47;47;47.001662971175165;1804;84791;07/05/2024;45
08/05/2024;;;;;;;;07/05/2024;45
07/05/2024;45;45;45;45;45;120;5400;03/05/2024;45.1
06/05/2024;;;;;;;;03/05/2024;45.1
03/05/2024;45.1;45.1;45.1;45.1;45.37320261437909;153;6942.1;25/04/2024;45.1
02/05/2024;;;;;46.794396551724134;232;10856.3;25/04/2024;45.1
30/04/2024;;;;;47.182857142857145;21;990.84;25/04/2024;45.1
29/04/2024;;;;;47.80714285714286;56;2677.2;25/04/2024;45.1
26/04/2024;;;;;;;;25/04/2024;45.1
25/04/2024;45.1;45.1;45.1;45.1;45.1;255;11500.5;24/04/2024;45.1
24/04/2024;45.6;45.1;45.6;45.1;45.342904154668865;2431;110228.6;23/04/2024;48
23/04/2024;48;48;48;48;47.314373401534525;391;18499.92;22/04/2024;47
22/04/2024;45;47;47;45;46.650862068965516;1392;64938;15/04/2024;42.6
19/04/2024;;;;;42.6;2;85.2;15/04/2024;42.6
18/04/2024;;;;;43;88;3784;15/04/2024;42.6
17/04/2024;;;;;44.09;1;44.09;15/04/2024;42.6
16/04/2024;;;;;42.981818181818184;88;3782.4;15/04/2024;42.6
15/04/2024;42.6;42.6;42.6;42.6;42.609254974548826;2161;92078.6;12/04/2024;43
12/04/2024;43;43;43;43;43.022943037974684;1264;54381;11/04/2024;44
11/04/2024;44;44;44;44;43.964467005076145;197;8661;10/04/2024;43.4
10/04/2024;43.4;43.4;43.4;43.4;43.76342205323194;263;11509.78;08/04/2024;45
09/04/2024;;;;;45;111;4995;08/04/2024;45
08/04/2024;45;45;45;45;45.00889468690702;4216;189757.5;05/04/2024;45.5
05/04/2024;45.5;45.5;45.5;45.5;45.48057324840764;942;42842.7;04/04/2024;47
04/04/2024;47;47;47;47;46.99797932330827;2128;100011.7;03/04/2024;47
03/04/2024;47;47;47;47;47;1032;48504;02/04/2024;47
02/04/2024;48;47;48;47;47.73552537526805;1399;66782;26/03/2024;47
01/04/2024;;;;;46.940975609756094;82;3849.16;26/03/2024;47
27/03/2024;;;;;49;15;735;26/03/2024;47
26/03/2024;47;47;47;47;47.1135523613963;487;22944.3;25/03/2024;47
25/03/2024;47;47;47;47;47;401;18847;21/03/2024;45.9
22/03/2024;;;;;47.5;4;190;21/03/2024;45.9
21/03/2024;45.9;45.9;45.9;45.9;46.05695538057743;762;35095.4;20/03/2024;45.5
20/03/2024;45.6;45.5;45.6;45.5;45.53767705382436;353;16074.8;19/03/2024;46
19/03/2024;46;46;46;46;45.99228723404256;1128;51879.3;14/03/2024;46
18/03/2024;;;;;45.392799999999994;25;1134.82;14/03/2024;46
15/03/2024;;;;;46;6;276;14/03/2024;46
14/03/2024;46;46;46;46;46;172;7912;06/03/2024;46.9
13/03/2024;;;;;;;;06/03/2024;46.9
12/03/2024;;;;;;;;06/03/2024;46.9
11/03/2024;;;;;;;;06/03/2024;46.9
08/03/2024;;;;;45.98823529411765;102;4690.8;06/03/2024;46.9
07/03/2024;;;;;46.159588477366256;243;11216.78;06/03/2024;46.9
06/03/2024;46.9;46.9;46.9;46.9;46.83713375796179;942;44120.58;04/03/2024;46.9
05/03/2024;;;;;;;;04/03/2024;46.9
04/03/2024;46.9;46.9;46.9;46.9;46.9;202;9473.8;01/03/2024;47
01/03/2024;46.56;47;47;46.56;46.54371428571429;420;19548.36;29/02/2024;48
29/02/2024;48;48;48;47;47.65628140703517;995;47418;23/02/2024;49
28/02/2024;;;;;;;;23/02/2024;49
27/02/2024;;;;;48.800000000000004;61;2976.8;23/02/2024;49
26/02/2024;;;;;;;;23/02/2024;49
23/02/2024;49;49;49;49;48.968992248062015;258;12634;21/02/2024;49.99
22/02/2024;;;;;49.99923076923076;65;3249.95;21/02/2024;49.99
21/02/2024;48;49.99;49.99;48;48.438328236493376;981;47518;20/02/2024;50
20/02/2024;48.5;50;50;48.5;49.70712909441233;1038;51596;19/02/2024;48
19/02/2024;47;48;48;47;47.56132879045997;1174;55837;07/02/2024;46.35
16/02/2024;;;;;;;;07/02/2024;46.35
15/02/2024;;;;;46.35;4;185.4;07/02/2024;46.35
14/02/2024;;;;;;;;07/02/2024;46.35
13/02/2024;;;;;;;;07/02/2024;46.35
12/02/2024;;;;;;;;07/02/2024;46.35
09/02/2024;;;;;46.35;12;556.2;07/02/2024;46.35
08/02/2024;;;;;;;;07/02/2024;46.35
07/02/2024;46.35;46.35;46.35;46.35;46.18081896551725;232;10713.95;06/02/2024;45
06/02/2024;45;45;45;45;44.64560975609756;205;9152.35;31/01/2024;43
05/02/2024;;;;;45.5;15;682.5;31/01/2024;43
02/02/2024;;;;;;;;31/01/2024;43
01/02/2024;;;;;;;;31/01/2024;43
31/01/2024;43;43;43;43;43.008304093567254;342;14708.84;19/01/2024;44.5
30/01/2024;;;;;44.5;5;222.5;19/01/2024;44.5
29/01/2024;;;;;44.268181818181816;66;2921.7;19/01/2024;44.5
26/01/2024;;;;;;;;19/01/2024;44.5
25/01/2024;;;;;;;;19/01/2024;44.5
24/01/2024;;;;;44.5;1;44.5;19/01/2024;44.5
23/01/2024;;;;;;;;19/01/2024;44.5
22/01/2024;;;;;44.5;26;1157;19/01/2024;44.5
19/01/2024;44.5;44.5;44.5;44.5;44.5531914893617;235;10470;18/01/2024;43
18/01/2024;43;43;43;43;43.000857632933105;1749;75208.5;15/01/2024;42
17/01/2024;;;;;;;;15/01/2024;42
16/01/2024;;;;;42;88;3696;15/01/2024;42
15/01/2024;42;42;42;42;42.00042666666667;1125;47250.48;08/01/2024;41
12/01/2024;;;;;;;;08/01/2024;41
11/01/2024;;;;;42.230000000000004;13;548.99;08/01/2024;41
10/01/2024;;;;;;;;08/01/2024;41
09/01/2024;;;;;;;;08/01/2024;41
08/01/2024;41;41;41.2;41;41.01158748551564;2589;106179;04/01/2024;41
05/01/2024;;;;;;;;04/01/2024;41
04/01/2024;41;41;41;41;41.029023746701846;1137;46650;20/12/2023;42
03/01/2024;;;;;42.5;7;297.5;20/12/2023;42
02/01/2024;;;;;42;2;84;20/12/2023;42
29/12/2023;;;;;;;;20/12/2023;42
28/12/2023;;;;;46;30;1380;20/12/2023;42
27/12/2023;;;;;42.02857142857143;35;1471;20/12/2023;42
26/12/2023;;;;;42;55;2310;20/12/2023;42
22/12/2023;;;;;;;;20/12/2023;42
21/12/2023;;;;;42;8;336;20/12/2023;42
20/12/2023;42;42;42;42;42;701;29442;19/12/2023;42
19/12/2023;42;42;42;42;41.98781115879828;699;29349.48;04/12/2023;47.99
18/12/2023;;;;;;;;04/12/2023;47.99
15/12/2023;;;;;;;;04/12/2023;47.99
14/12/2023;;;;;45;1;45;04/12/2023;47.99
13/12/2023;;;;;42.88732394366197;142;6090;04/12/2023;47.99
12/12/2023;;;;;;;;04/12/2023;47.99
11/12/2023;;;;;45;14;630;04/12/2023;47.99
07/12/2023;;;;;45;33;1485;04/12/2023;47.99
06/12/2023;;;;;46;203;9338;04/12/2023;47.99
05/12/2023;;;;;47;16;752;04/12/2023;47.99
04/12/2023;47.99;47.99;47.99;47.99;48.00014611872147;1095;52560.16;01/12/2023;49
01/12/2023;49;49;49;49;49;2611;127939;30/11/2023;49
30/11/2023;49;49;49;49;49.019140625;1024;50195.6;29/11/2023;51
29/11/2023;48.8;51;51;48.8;49.13457930007446;1343;65987.74;28/11/2023;47.38
28/11/2023;47.38;47.38;47.38;47.38;47.717893030794166;617;29441.94;27/11/2023;46
27/11/2023;48.5;46;49;46;48.223509223509225;2331;112409;24/11/2023;49
24/11/2023;49;49;49;49;49;504;24696;23/11/2023;43
23/11/2023;43;43;43;43;43;211;9073;21/11/2023;43
22/11/2023;;;;;;;;21/11/2023;43
21/11/2023;44;43;44;43;43.45475113122172;2210;96035;20/11/2023;43
20/11/2023;43.26;43;43.26;43;43.14050555342781;2611;112639.86;10/11/2023;42
17/11/2023;;;;;45;25;1125;10/11/2023;42
16/11/2023;;;;;;;;10/11/2023;42
15/11/2023;;;;;43;1;43;10/11/2023;42
14/11/2023;;;;;40.50961538461539;156;6319.5;10/11/2023;42
13/11/2023;;;;;;;;10/11/2023;42
10/11/2023;42;42;42;42;42.0681216931217;756;31803.5;08/11/2023;43
09/11/2023;;;;;42.98780487804878;82;3525;08/11/2023;43
08/11/2023;43;43;43;43;42.99602385685885;503;21627;03/11/2023;43
07/11/2023;;;;;43;17;731;03/11/2023;43
06/11/2023;;;;;;;;03/11/2023;43
03/11/2023;45;43;45;43;44.250398873768184;2131;94297.6;18/10/2023;46
02/11/2023;;;;;;;;18/10/2023;46
31/10/2023;;;;;;;;18/10/2023;46
30/10/2023;;;;;;;;18/10/2023;46
27/10/2023;;;;;47.18666666666667;3;141.56;18/10/2023;46
26/10/2023;;;;;;;;18/10/2023;46
25/10/2023;;;;;;;;18/10/2023;46
24/10/2023;;;;;;;;18/10/2023;46
23/10/2023;;;;;46;2;92;18/10/2023;46
20/10/2023;;;;;46.18;10;461.8;18/10/2023;46
19/10/2023;;;;;46;15;690;18/10/2023;46
18/10/2023;46;46;46;46;46.001428571428576;1624;74706.32;05/10/2023;46.01
17/10/2023;;;;;47;6;282;05/10/2023;46.01
16/10/2023;;;;;46.010000000000005;40;1840.4;05/10/2023;46.01
13/10/2023;;;;;46.01;3;138.03;05/10/2023;46.01
12/10/2023;;;;;;;;05/10/2023;46.01
11/10/2023;;;;;47.39;2;94.78;05/10/2023;46.01
10/10/2023;;;;;;;;05/10/2023;46.01
09/10/2023;;;;;;;;05/10/2023;46.01
06/10/2023;;;;;;;;05/10/2023;46.01
05/10/2023;46.01;46.01;46.01;46.01;46.01;142;6533.42;04/10/2023;46
04/10/2023;46;46;46;46;46.030800000000006;1000;46030.8;02/10/2023;46.5
03/10/2023;;;;;47;1;47;02/10/2023;46.5
02/10/2023;46.5;46.5;46.5;46.5;46.5;652;30318;28/09/2023;46.5
29/09/2023;;;;;46.5;9;418.5;28/09/2023;46.5
28/09/2023;46.5;46.5;46.5;46.5;46.5;117;5440.5;08/09/2023;46.5
27/09/2023;;;;;;;;08/09/2023;46.5
26/09/2023;;;;;48;1;48;08/09/2023;46.5
25/09/2023;;;;;47.8;32;1529.6;08/09/2023;46.5
22/09/2023;;;;;;;;08/09/2023;46.5
21/09/2023;;;;;46.65528571428571;70;3265.87;08/09/2023;46.5
20/09/2023;;;;;46.6;8;372.8;08/09/2023;46.5
19/09/2023;;;;;;;;08/09/2023;46.5
18/09/2023;;;;;46.6;5;233;08/09/2023;46.5
15/09/2023;;;;;;;;08/09/2023;46.5
14/09/2023;;;;;47;59;2773;08/09/2023;46.5
13/09/2023;;;;;46.5;35;1627.5;08/09/2023;46.5
12/09/2023;;;;;46.5;100;4650;08/09/2023;46.5
11/09/2023;;;;;;;;08/09/2023;46.5
08/09/2023;46.5;46.5;46.5;46.5;46.27803432137286;641;29664.22;07/09/2023;45.8
07/09/2023;45.8;45.8;45.8;45.8;46.12068965517241;203;9362.5;24/08/2023;46
06/09/2023;;;;;45;3;135;24/08/2023;46
05/09/2023;;;;;46;24;1104;24/08/2023;46
04/09/2023;;;;;46;40;1840;24/08/2023;46
01/09/2023;;;;;;;;24/08/2023;46
31/08/2023;;;;;45.2525;24;1086.06;24/08/2023;46
29/08/2023;;;;;;;;24/08/2023;46
28/08/2023;;;;;;;;24/08/2023;46
25/08/2023;;;;;;;;24/08/2023;46
24/08/2023;46;46;46;46;46;115;5290;22/08/2023;48
23/08/2023;;;;;48;6;288;22/08/2023;48
22/08/2023;48;48;48;48;48.05404411764706;544;26141.4;14/08/2023;47.3
21/08/2023;;;;;47.8986301369863;73;3496.6;14/08/2023;47.3
18/08/2023;;;;;47.36941176470589;51;2415.84;14/08/2023;47.3
17/08/2023;;;;;48.71;25;1217.75;14/08/2023;47.3
16/08/2023;;;;;47.330000000000005;12;567.96;14/08/2023;47.3
15/08/2023;;;;;47.339999999999996;59;2793.06;14/08/2023;47.3
14/08/2023;47.3;47.3;47.3;47.3;47.34582089552239;603;28549.53;11/08/2023;49.99
11/08/2023;47.5;49.99;49.99;47.5;48.391226993865025;815;39438.85;10/08/2023;47.2
10/08/2023;47.2;47.2;47.2;47.2;47.2;150;7080;07/08/2023;45
09/08/2023;;;;;45;7;315;07/08/2023;45
08/08/2023;;;;;45;8;360;07/08/2023;45
07/08/2023;45;45;45;45;45;500;22500;04/08/2023;45.59
04/08/2023;45.59;45.59;45.59;45.59;45.61547033285094;691;31520.29;02/08/2023;46.99
03/08/2023;;;;;47.66555555555556;9;428.99;02/08/2023;46.99
02/08/2023;52;52;52;52;52.39342403628118;882;46211;01/08/2023;53
01/08/2023;53;53;53;53;53.00043999022244;4091;216824.8;31/07/2023;53
31/07/2023;53;53;53;53;53.02273908523909;3848;204031.5;27/07/2023;53.5
27/07/2023;52.5;53.5;53.5;52.5;53.3807720861173;2694;143807.8;26/07/2023;53.7
26/07/2023;53.9;53.7;53.9;53;53.63904833836858;1324;71018.1;25/07/2023;53
25/07/2023;53;53;53;53;53.010350877192984;912;48345.44;24/07/2023;53
24/07/2023;53;53;53;53;53.20317204301076;186;9895.79;21/07/2023;53.5
21/07/2023;53;53.5;53.5;53;53.06618586817601;5477;290643.5;20/07/2023;52
20/07/2023;50.2;52;52;50.2;50.49986531986532;1485;74992.3;18/07/2023;50.2
19/07/2023;;;;;51.23988439306358;173;8864.5;18/07/2023;50.2
18/07/2023;50;50.2;50.2;50;50.14822339692025;4351;218194.92;17/07/2023;49
17/07/2023;49;49;49;49;48.99820788530466;558;27341;13/07/2023;49.98
14/07/2023;;;;;49.99754385964913;57;2849.86;13/07/2023;49.98
13/07/2023;49.98;49.98;49.98;49.98;49.79375;288;14340.6;12/07/2023;49
12/07/2023;50.2;49;50.2;47;47.63635852767631;3559;169537.8;07/07/2023;47
11/07/2023;;;;;;;;07/07/2023;47
10/07/2023;;;;;46.90588235294118;34;1594.8;07/07/2023;47
07/07/2023;47;47;47;47;47.01989260143198;838;39402.67;06/07/2023;47
06/07/2023;45.6;47;47;45.6;46.21351351351352;592;27358.4;05/07/2023;45.4
05/07/2023;45.4;45.4;45.4;45.4;45.4;161;7309.4;04/07/2023;45.4
04/07/2023;45.4;45.4;45.4;45.4;45.4;723;32824.2;30/06/2023;44.5
03/07/2023;;;;;44.5;12;534;30/06/2023;44.5
30/06/2023;44.5;44.5;44.5;44.5;44.49902195608782;1002;44588.02;27/06/2023;44
28/06/2023;;;;;45;5;225;27/06/2023;44
27/06/2023;44.6;44;44.6;43.99;44.11057544757033;1564;68988.94;23/06/2023;43.99
26/06/2023;;;;;;;;23/06/2023;43.99
23/06/2023;41.5;43.99;43.99;41.5;41.98102272727272;1320;55414.95;19/06/2023;40.6
22/06/2023;;;;;41.5;22;913;19/06/2023;40.6
21/06/2023;;;;;41;100;4100;19/06/2023;40.6
20/06/2023;;;;;40.76;16;652.16;19/06/2023;40.6
19/06/2023;40.6;40.6;40.6;40.6;40.599999999999994;293;11895.8;16/06/2023;40.6
16/06/2023;40.6;40.6;40.6;40.6;40.6;187;7592.2;13/06/2023;40.6
15/06/2023;;;;;40.86666666666667;30;1226;13/06/2023;40.6
14/06/2023;;;;;;;;13/06/2023;40.6
13/06/2023;40.6;40.6;40.6;40.6;40.60062656641604;798;32399.3;12/06/2023;40.6
12/06/2023;40.6;40.6;40.61;40.6;40.62037063435495;2806;113980.76;05/06/2023;40.6
09/06/2023;;;;;;;;05/06/2023;40.6
08/06/2023;;;;;;;;05/06/2023;40.6
07/06/2023;;;;;;;;05/06/2023;40.6
06/06/2023;;;;;;;;05/06/2023;40.6
05/06/2023;40.6;40.6;40.6;40.6;40.6;500;20300;02/06/2023;41.4
02/06/2023;41.4;41.4;41.4;41.4;41.355555555555554;450;18610;01/06/2023;41
01/06/2023;41;41;41;41;40.996417604913;977;40053.5;29/05/2023;41.4
31/05/2023;;;;;41.03636363636363;11;451.4;29/05/2023;41.4
30/05/2023;;;;;41.4;92;3808.8;29/05/2023;41.4
29/05/2023;41.4;41.4;41.4;41.4;41.39663793103448;928;38416.08;26/05/2023;41.4
26/05/2023;41.4;41.4;41.4;41.4;41.400000000000006;298;12337.2;25/05/2023;41.4
25/05/2023;41.4;41.4;41.4;41.4;41.39536423841059;604;25002.8;11/05/2023;41.4
24/05/2023;;;;;41.4;10;414;11/05/2023;41.4
23/05/2023;;;;;;;;11/05/2023;41.4
22/05/2023;;;;;;;;11/05/2023;41.4
19/05/2023;;;;;;;;11/05/2023;41.4
18/05/2023;;;;;;;;11/05/2023;41.4
17/05/2023;;;;;;;;11/05/2023;41.4
16/05/2023;;;;;;;;11/05/2023;41.4
15/05/2023;;;;;;;;11/05/2023;41.4
12/05/2023;;;;;41.4;111;4595.4;11/05/2023;41.4
11/05/2023;41.4;41.4;41.4;41.4;41.4;150;6210;10/05/2023;41.4
10/05/2023;41.4;41.4;41.4;41.4;41.39467005076142;788;32619;09/05/2023;41.4
09/05/2023;41.4;41.4;41.4;41.4;41.40123106060606;1056;43719.7;02/05/2023;41
08/05/2023;;;;;43.46;35;1521.1;02/05/2023;41
05/05/2023;;;;;42;4;168;02/05/2023;41
04/05/2023;;;;;43.46;50;2173;02/05/2023;41
03/05/2023;;;;;;;;02/05/2023;41
02/05/2023;41;41;41;41;41.00175463623395;701;28742.23;28/04/2023;41
28/04/2023;41;41;41;41;41.04698795180723;498;20441.4;27/04/2023;42
27/04/2023;42;42;42;42;42;200;8400;26/04/2023;41
26/04/2023;41;41;41;41;41;500;20500;25/04/2023;41
25/04/2023;41;41;41.1;41;41.023015294974506;1373;56324.6;24/04/2023;41
24/04/2023;41;41;41;41;41.00596421471173;503;20626;21/04/2023;42
21/04/2023;42;42;42.1;42;42.12865064695009;541;22791.6;18/04/2023;42.99
20/04/2023;;;;;;;;18/04/2023;42.99
19/04/2023;;;;;;;;18/04/2023;42.99
18/04/2023;42.99;42.99;42.99;42.99;43.0675;200;8613.5;17/04/2023;43.3
17/04/2023;43.1;43.3;43.3;43.1;43.20221198156682;1085;46874.4;12/04/2023;42
14/04/2023;;;;;42;100;4200;12/04/2023;42
13/04/2023;;;;;;;;12/04/2023;42
12/04/2023;42;42;42;41;41.92629482071713;2510;105235;11/04/2023;45
11/04/2023;44.98;45;45;44.98;44.99559471365639;681;30642;03/04/2023;47
10/04/2023;;;;;46;48;2208;03/04/2023;47
05/04/2023;;;;;;;;03/04/2023;47
04/04/2023;;;;;45.05825242718446;103;4641;03/04/2023;47
03/04/2023;46.8;47;47;46.8;46.84927536231884;690;32326;31/03/2023;46.8
31/03/2023;45.9;46.8;46.8;45;45.434109857773414;2039;92640.15;30/03/2023;48.5
30/03/2023;48.5;48.5;48.5;48.5;48.43214765100671;1639;79380.29;29/03/2023;42.48
29/03/2023;42.48;42.48;42.48;42.48;42.469794721407624;1023;43446.6;07/03/2023;38
28/03/2023;;;;;;;;07/03/2023;38
27/03/2023;;;;;;;;07/03/2023;38
24/03/2023;;;;;39;3;117;07/03/2023;38
23/03/2023;;;;;;;;07/03/2023;38
22/03/2023;;;;;;;;07/03/2023;38
21/03/2023;;;;;;;;07/03/2023;38
20/03/2023;;;;;;;;07/03/2023;38
17/03/2023;;;;;;;;07/03/2023;38
16/03/2023;;;;;;;;07/03/2023;38
15/03/2023;;;;;39.035714285714285;35;1366.25;07/03/2023;38
14/03/2023;;;;;38.047872340425535;47;1788.25;07/03/2023;38
13/03/2023;;;;;;;;07/03/2023;38
10/03/2023;;;;;38.02412698412699;63;2395.52;07/03/2023;38
09/03/2023;;;;;38.08444444444444;36;1371.04;07/03/2023;38
08/03/2023;;;;;;;;07/03/2023;38
07/03/2023;38;38;38;38;38.019912663755456;229;8706.56;24/02/2023;38
06/03/2023;;;;;;;;24/02/2023;38
03/03/2023;;;;;;;;24/02/2023;38
02/03/2023;;;;;;;;24/02/2023;38
01/03/2023;;;;;;;;24/02/2023;38
28/02/2023;;;;;39;2;78;24/02/2023;38
27/02/2023;;;;;39.05578947368421;19;742.06;24/02/2023;38
24/02/2023;38;38;38;38;38.002921840759676;1369;52026;14/02/2023;38
23/02/2023;;;;;;;;14/02/2023;38
22/02/2023;;;;;;;;14/02/2023;38
21/02/2023;;;;;;;;14/02/2023;38
20/02/2023;;;;;;;;14/02/2023;38
17/02/2023;;;;;40.269999999999996;10;402.7;14/02/2023;38
16/02/2023;;;;;38.31666666666667;180;6897;14/02/2023;38
15/02/2023;;;;;;;;14/02/2023;38
14/02/2023;38;38;38;38;37.9359795134443;1562;59256;06/02/2023;38
13/02/2023;;;;;38;2;76;06/02/2023;38
10/02/2023;;;;;38;5;190;06/02/2023;38
09/02/2023;;;;;;;;06/02/2023;38
08/02/2023;;;;;;;;06/02/2023;38
07/02/2023;;;;;;;;06/02/2023;38
06/02/2023;38;38;38;38;37.88235294117647;187;7084;23/01/2023;37.8
03/02/2023;;;;;;;;23/01/2023;37.8
02/02/2023;;;;;;;;23/01/2023;37.8
01/02/2023;;;;;;;;23/01/2023;37.8
31/01/2023;;;;;;;;23/01/2023;37.8
30/01/2023;;;;;;;;23/01/2023;37.8
27/01/2023;;;;;;;;23/01/2023;37.8
26/01/2023;;;;;;;;23/01/2023;37.8
25/01/2023;;;;;;;;23/01/2023;37.8
24/01/2023;;;;;;;;23/01/2023;37.8
23/01/2023;37.79;37.8;37.8;37.79;37.79242130750605;826;31216.54;18/01/2023;37.8
20/01/2023;;;;;;;;18/01/2023;37.8
19/01/2023;;;;;;;;18/01/2023;37.8
18/01/2023;37.8;37.8;37.8;37.8;37.87786259541985;655;24810;16/01/2023;37
17/01/2023;;;;;;;;16/01/2023;37
16/01/2023;37.5;37;37.5;37;37.33428571428571;700;26134;06/01/2023;36
13/01/2023;;;;;37.1;15;556.5;06/01/2023;36
12/01/2023;;;;;;;;06/01/2023;36
11/01/2023;;;;;;;;06/01/2023;36
10/01/2023;;;;;37.44;10;374.4;06/01/2023;36
09/01/2023;;;;;;;;06/01/2023;36
06/01/2023;35.1;36;36;35.1;35.57704665959703;1886;67098.31;29/12/2022;35.1
05/01/2023;;;;;35.1;115;4036.5;29/12/2022;35.1
04/01/2023;;;;;37.1578947368421;152;5648;29/12/2022;35.1
03/01/2023;;;;;36.5;13;474.5;29/12/2022;35.1
02/01/2023;;;;;;;;29/12/2022;35.1
30/12/2022;;;;;35.6;1;35.6;29/12/2022;35.1
29/12/2022;35.1;35.1;35.1;35.1;35.1;378;13267.8;19/12/2022;35
28/12/2022;;;;;;;;19/12/2022;35
27/12/2022;;;;;;;;19/12/2022;35
26/12/2022;;;;;;;;19/12/2022;35
23/12/2022;;;;;;;;19/12/2022;35
22/12/2022;;;;;;;;19/12/2022;35
21/12/2022;;;;;36.4;10;364;19/12/2022;35
20/12/2022;;;;;36.4;8;291.2;19/12/2022;35
19/12/2022;35;35;35;35;35.00911078717201;1372;48032.5;01/12/2022;34.6
16/12/2022;;;;;35.98;8;287.84;01/12/2022;34.6
15/12/2022;;;;;34.6;80;2768;01/12/2022;34.6
14/12/2022;;;;;;;;01/12/2022;34.6
13/12/2022;;;;;35.90425531914894;47;1687.5;01/12/2022;34.6
12/12/2022;;;;;;;;01/12/2022;34.6
07/12/2022;;;;;35.9;19;682.1;01/12/2022;34.6
06/12/2022;;;;;;;;01/12/2022;34.6
05/12/2022;;;;;;;;01/12/2022;34.6
02/12/2022;;;;;34.6;23;795.8;01/12/2022;34.6
01/12/2022;34.6;34.6;34.6;34.6;34.69140845070423;284;9852.36;22/11/2022;37
30/11/2022;;;;;36.94444444444444;108;3990;22/11/2022;37
29/11/2022;;;;;;;;22/11/2022;37
28/11/2022;;;;;36.70909090909091;33;1211.4;22/11/2022;37
25/11/2022;;;;;;;;22/11/2022;37
24/11/2022;;;;;37;70;2590;22/11/2022;37
23/11/2022;;;;;37;26;962;22/11/2022;37
22/11/2022;37;37;37;37;37;800;29600;21/11/2022;36
21/11/2022;36;36;36;36;35.54205882352941;340;12084.3;18/11/2022;34.6
18/11/2022;34.01;34.6;34.8;34;34.211559782608695;1840;62949.27;11/11/2022;33.6
17/11/2022;;;;;;;;11/11/2022;33.6
16/11/2022;;;;;;;;11/11/2022;33.6
15/11/2022;;;;;33.9;83;2813.7;11/11/2022;33.6
14/11/2022;;;;;;;;11/11/2022;33.6
11/11/2022;35.49;33.6;35.49;33.6;34.558818737270876;491;16968.38;08/11/2022;34
10/11/2022;;;;;35.36;106;3748.16;08/11/2022;34
09/11/2022;;;;;35.49;4;141.96;08/11/2022;34
08/11/2022;34;34;34;34;34.110619469026545;1356;46254;04/11/2022;35.5
07/11/2022;;;;;35.5;1;35.5;04/11/2022;35.5
04/11/2022;36.83;35.5;36.83;35.5;35.958257940327236;1039;37360.63;03/11/2022;36.87
03/11/2022;36.88;36.87;36.88;36.87;36.87584487534626;361;13312.18;02/11/2022;36.92
02/11/2022;36.92;36.92;36.92;36.92;36.910104712041885;382;14099.66;28/10/2022;33.5
31/10/2022;;;;;34.839999999999996;10;348.4;28/10/2022;33.5
28/10/2022;33.5;33.5;33.5;33.5;33.65415549597855;746;25106;27/10/2022;32.1
27/10/2022;32.2;32.1;32.2;32.1;32.16391962725684;1717;55225.45;25/10/2022;32.1
26/10/2022;;;;;33.55555555555556;90;3020;25/10/2022;32.1
25/10/2022;34;32.1;34;32;32.83318295739348;1596;52401.76;24/10/2022;32.72
24/10/2022;39.5;39.3;39.5;39.21;39.3275296108291;5910;232425.7;21/10/2022;39.5
21/10/2022;39.45;39.5;39.5;39.2;39.392589545014516;2066;81385.09;20/10/2022;39.2
20/10/2022;39.8;39.2;39.8;39.2;39.435265832681786;2558;100875.41;19/10/2022;39.8
19/10/2022;40;39.8;40;39.5;39.7115338882283;1682;66794.8;18/10/2022;40
18/10/2022;40.5;40;41;40;40.22242295430394;941;37849.3;17/10/2022;39.3
17/10/2022;39.3;39.3;39.3;39.3;39.3412213740458;524;20614.8;14/10/2022;39.2
14/10/2022;39.2;39.2;39.2;39.2;39.30478087649402;251;9865.5;13/10/2022;39.2
13/10/2022;39;39.2;39.2;39;39.113666228646515;761;29765.5;12/10/2022;39.5
12/10/2022;39.5;39.5;39.5;39.5;39.362413314840495;721;28380.3;10/10/2022;39.5
11/10/2022;;;;;41;26;1066;10/10/2022;39.5
10/10/2022;39.8;39.5;39.8;39.5;39.72657743785851;1046;41554;07/10/2022;39.5
07/10/2022;39.8;39.5;39.8;39.5;39.63137254901961;918;36381.6;04/10/2022;39.2
06/10/2022;;;;;39.5;99;3910.5;04/10/2022;39.2
05/10/2022;;;;;39.5;134;5293;04/10/2022;39.2
04/10/2022;39.5;39.2;39.5;39.2;39.363681592039796;603;23736.3;03/10/2022;39.5
03/10/2022;39.5;39.5;39.5;39.5;39.5;267;10546.5;30/09/2022;39.5
30/09/2022;39.5;39.5;39.5;39.5;39.5;249;9835.5;29/09/2022;39.5
29/09/2022;39.5;39.5;39.5;39.5;39.5;707;27926.5;28/09/2022;39.5
28/09/2022;39.5;39.5;39.5;38.5;39.393908281998634;1461;57554.5;27/09/2022;39.49
27/09/2022;39.49;39.49;39.49;39.49;39.49;230;9082.7;26/09/2022;37.2
26/09/2022;39.5;37.2;39.5;37.2;38.29157754010695;748;28642.1;23/09/2022;39.5
23/09/2022;40;39.5;40;39.5;39.70845741512805;1679;66670.5;22/09/2022;39.5
22/09/2022;39.5;39.5;39.5;39.5;39.4967248908297;458;18089.5;21/09/2022;39.5
21/09/2022;39.5;39.5;39.5;39.5;39.5;700;27650;20/09/2022;39.5
20/09/2022;39.5;39.5;39.5;39.5;39.5;322;12719;19/09/2022;39.5
19/09/2022;39.5;39.5;39.5;39.5;39.5;211;8334.5;14/09/2022;39.5
16/09/2022;;;;;42;31;1302;14/09/2022;39.5
15/09/2022;;;;;39.078125;32;1250.5;14/09/2022;39.5
14/09/2022;39.5;39.5;39.5;39.5;39.526978417266186;1112;43954;07/09/2022;39.5
13/09/2022;;;;;38.5;30;1155;07/09/2022;39.5
12/09/2022;;;;;39.5;20;790;07/09/2022;39.5
09/09/2022;;;;;;;;07/09/2022;39.5
08/09/2022;;;;;41.25407407407407;432;17821.76;07/09/2022;39.5
07/09/2022;39.5;39.5;39.5;39.5;39.5;124;4898;02/09/2022;38.5
06/09/2022;;;;;;;;02/09/2022;38.5
05/09/2022;;;;;;;;02/09/2022;38.5
02/09/2022;38.5;38.5;38.5;38.5;38.5;225;8662.5;01/09/2022;39
01/09/2022;39;39;39;39;39;660;25740;31/08/2022;39.9
31/08/2022;41;39.9;41;39.9;40.0406342913776;1009;40401;16/08/2022;38.5
29/08/2022;;;;;;;;16/08/2022;38.5
26/08/2022;;;;;;;;16/08/2022;38.5
25/08/2022;;;;;;;;16/08/2022;38.5
24/08/2022;;;;;;;;16/08/2022;38.5
23/08/2022;;;;;;;;16/08/2022;38.5
22/08/2022;;;;;;;;16/08/2022;38.5
19/08/2022;;;;;40;20;800;16/08/2022;38.5
18/08/2022;;;;;;;;16/08/2022;38.5
17/08/2022;;;;;;;;16/08/2022;38.5
16/08/2022;38.5;38.5;38.5;38.5;38.5;491;18903.5;12/08/2022;38
15/08/2022;;;;;;;;12/08/2022;38
12/08/2022;38;38;38;38;38;277;10526;11/08/2022;37.7
11/08/2022;37.7;37.7;37.7;37.7;37.7;987;37209.9;10/08/2022;37.7
10/08/2022;37.7;37.7;37.7;37.7;37.7;540;20358;09/08/2022;37.7
09/08/2022;37.7;37.7;37.7;37.7;37.699999999999996;422;15909.4;08/08/2022;37.3
08/08/2022;37.3;37.3;37.3;37.3;37.3;135;5035.5;05/08/2022;37
05/08/2022;37;37;37;37;37;263;9731;04/08/2022;37
04/08/2022;37;37;37;37;37;667;24679;03/08/2022;36.95
03/08/2022;35;36.95;36.95;35;35.505020377917745;2699;95828.05;02/08/2022;37
02/08/2022;37;37;37;37;37;355;13135;26/07/2022;37.5
01/08/2022;;;;;;;;26/07/2022;37.5
27/07/2022;;;;;;;;26/07/2022;37.5
26/07/2022;37.5;37.5;37.5;37.5;37.5;2275;85312.5;22/07/2022;37.5
25/07/2022;;;;;;;;22/07/2022;37.5
22/07/2022;37.5;37.5;37.5;37.5;37.5;2180;81750;12/07/2022;34
21/07/2022;;;;;;;;12/07/2022;34
20/07/2022;;;;;;;;12/07/2022;34
19/07/2022;;;;;34;19;646;12/07/2022;34
18/07/2022;;;;;;;;12/07/2022;34
15/07/2022;;;;;;;;12/07/2022;34
14/07/2022;;;;;;;;12/07/2022;34
13/07/2022;;;;;;;;12/07/2022;34
12/07/2022;34;34;34;34;34;1156;39304;30/06/2022;34
11/07/2022;;;;;;;;30/06/2022;34
08/07/2022;;;;;;;;30/06/2022;34
07/07/2022;;;;;;;;30/06/2022;34
06/07/2022;;;;;;;;30/06/2022;34
05/07/2022;;;;;;;;30/06/2022;34
04/07/2022;;;;;;;;30/06/2022;34
01/07/2022;;;;;;;;30/06/2022;34
30/06/2022;34;34;34;34;34;380;12920;27/06/2022;33.7
28/06/2022;;;;;;;;27/06/2022;33.7
27/06/2022;33.7;33.7;33.7;33.7;33.7;500;16850;15/06/2022;37.1
24/06/2022;;;;;;;;15/06/2022;37.1
23/06/2022;;;;;;;;15/06/2022;37.1
22/06/2022;;;;;;;;15/06/2022;37.1
21/06/2022;;;;;;;;15/06/2022;37.1
20/06/2022;;;;;;;;15/06/2022;37.1
17/06/2022;;;;;;;;15/06/2022;37.1
16/06/2022;;;;;;;;15/06/2022;37.1
15/06/2022;37.1;37.1;37.1;37.1;37.1;930;34503;03/06/2022;34
14/06/2022;;;;;;;;03/06/2022;34
13/06/2022;;;;;;;;03/06/2022;34
10/06/2022;;;;;;;;03/06/2022;34
09/06/2022;;;;;;;;03/06/2022;34
08/06/2022;;;;;;;;03/06/2022;34
07/06/2022;;;;;;;;03/06/2022;34
06/06/2022;;;;;;;;03/06/2022;34
03/06/2022;34;34;34;34;34;300;10200;02/06/2022;34
02/06/2022;34;34;34;34;34;1600;54400;27/05/2022;34
01/06/2022;;;;;;;;27/05/2022;34
31/05/2022;;;;;;;;27/05/2022;34
30/05/2022;;;;;34;100;3400;27/05/2022;34
27/05/2022;34;34;34;34;34;2400;81600;26/05/2022;34.7
26/05/2022;34.7;34.7;34.7;34.7;34.74;200;6948;23/05/2022;34.5
25/05/2022;;;;;;;;23/05/2022;34.5
24/05/2022;;;;;;;;23/05/2022;34.5
23/05/2022;34.5;34.5;34.5;34.5;34.5;209;7210.5;20/05/2022;34.7
20/05/2022;34.8;34.7;34.8;34.7;34.70358152686145;1061;36820.5;19/05/2022;34.8
19/05/2022;34.8;34.8;34.8;34.8;34.800000000000004;142;4941.6;16/05/2022;34.9
18/05/2022;;;;;;;;16/05/2022;34.9
17/05/2022;;;;;;;;16/05/2022;34.9
16/05/2022;34.9;34.9;34.9;34.9;34.9;167;5828.3;13/05/2022;34.9
13/05/2022;34.9;34.9;34.9;34.9;34.9;1000;34900;12/05/2022;34.9
12/05/2022;35;34.9;35;34.9;34.90950226244344;11050;385750;09/05/2022;34.9
11/05/2022;;;;;;;;09/05/2022;34.9
10/05/2022;;;;;;;;09/05/2022;34.9
09/05/2022;35;34.9;35;34.9;34.989741800418706;1433;50140.3;05/05/2022;37.5
06/05/2022;;;;;;;;05/05/2022;37.5
05/05/2022;37.5;37.5;37.5;37.5;37.5;577;21637.5;04/05/2022;37.5
04/05/2022;37.1;37.5;37.5;37.1;37.3831582298631;9423;352261.5;02/05/2022;36
03/05/2022;;;;;;;;02/05/2022;36
02/05/2022;34.5;36;36;34.5;35.204887218045116;1064;37458;28/04/2022;34.5
29/04/2022;;;;;;;;28/04/2022;34.5
28/04/2022;34.5;34.5;34.5;34.5;34.5;796;27462;27/04/2022;34.5
27/04/2022;34.4;34.5;34.5;34.4;34.48535871156662;6830;235535;26/04/2022;30
26/04/2022;30.01;30;30.01;30;30.00725;4000;120029;25/04/2022;32.5
25/04/2022;32.5;32.5;32.5;32.5;32.5;1300;42250;13/04/2022;35
22/04/2022;;;;;;;;13/04/2022;35
21/04/2022;;;;;;;;13/04/2022;35
20/04/2022;;;;;33;400;13200;13/04/2022;35
19/04/2022;;;;;37;100;3700;13/04/2022;35
18/04/2022;;;;;;;;13/04/2022;35
13/04/2022;35;35;35;35;35;900;31500;12/04/2022;35
12/04/2022;34.99;35;35.2;34.99;35.041214244016345;1713;60025.6;11/04/2022;34.6
11/04/2022;34.5;34.6;34.6;34.5;34.5092879256966;3230;111465;08/04/2022;34.5
08/04/2022;34.5;34.5;34.5;34.5;34.5;987;34051.5;06/04/2022;35
07/04/2022;;;;;34.41150442477876;113;3888.5;06/04/2022;35
06/04/2022;34.5;35;35;34;34.512642225031605;2373;81898.5;04/04/2022;33
05/04/2022;;;;;;;;04/04/2022;33
04/04/2022;33;33;33;33;33;540;17820;01/04/2022;32.51
01/04/2022;32.51;32.51;32.51;32.51;32.51;1000;32510;31/03/2022;33.35
31/03/2022;33.35;33.35;33.35;33.35;33.35;7200;240120;30/03/2022;29
30/03/2022;29;29;29;29;29.02294630564479;2179;63241;29/03/2022;29
29/03/2022;29;29;29;28.9;28.942634450506628;1283;37133.4;28/03/2022;28.5
28/03/2022;28.5;28.5;28.5;28.5;28.5;1974;56259;25/03/2022;27.9
25/03/2022;26;27.9;27.9;26;26.507829373650107;3704;98185;24/03/2022;26
24/03/2022;26;26;26;26;26;1000;26000;23/03/2022;26
23/03/2022;26;26;26;26;26;3065;79690;21/03/2022;26
22/03/2022;;;;;26;151;3926;21/03/2022;26
21/03/2022;26;26;26;26;26;490;12740;18/03/2022;26
18/03/2022;26;26;26;26;26;9154;238004;18/02/2022;26
17/03/2022;;;;;;;;18/02/2022;26
16/03/2022;;;;;;;;18/02/2022;26
15/03/2022;;;;;;;;18/02/2022;26
14/03/2022;;;;;;;;18/02/2022;26
11/03/2022;;;;;;;;18/02/2022;26
10/03/2022;;;;;;;;18/02/2022;26
09/03/2022;;;;;;;;18/02/2022;26
08/03/2022;;;;;;;;18/02/2022;26
07/03/2022;;;;;;;;18/02/2022;26
04/03/2022;;;;;;;;18/02/2022;26
03/03/2022;;;;;;;;18/02/2022;26
02/03/2022;;;;;;;;18/02/2022;26
01/03/2022;;;;;;;;18/02/2022;26
28/02/2022;;;;;;;;18/02/2022;26
25/02/2022;;;;;;;;18/02/2022;26
24/02/2022;;;;;;;;18/02/2022;26
23/02/2022;;;;;26;155;4030;18/02/2022;26
22/02/2022;;;;;;;;18/02/2022;26
21/02/2022;;;;;;;;18/02/2022;26
18/02/2022;26;26;26;26;26;680;17680;16/02/2022;26
17/02/2022;;;;;;;;16/02/2022;26
16/02/2022;26;26;26;26;25.933333333333334;750;19450;14/02/2022;25.1
15/02/2022;;;;;;;;14/02/2022;25.1
14/02/2022;25.1;25.1;25.1;25.1;25.099999999999998;279;7002.9;08/02/2022;25.5
11/02/2022;;;;;;;;08/02/2022;25.5
10/02/2022;;;;;;;;08/02/2022;25.5
09/02/2022;;;;;;;;08/02/2022;25.5
08/02/2022;25;25.5;26;25;25.194545454545455;4180;105313.2;07/02/2022;25.2
07/02/2022;25.2;25.2;25.2;25.2;25.2;1410;35532;01/02/2022;25.4
04/02/2022;;;;;;;;01/02/2022;25.4
03/02/2022;;;;;;;;01/02/2022;25.4
02/02/2022;;;;;;;;01/02/2022;25.4
01/02/2022;27;25.4;27;25.4;26.066666666666666;1200;31280;27/01/2022;26.12
31/01/2022;;;;;;;;27/01/2022;26.12
28/01/2022;;;;;;;;27/01/2022;26.12
27/01/2022;26.12;26.12;26.12;26.12;26.61071618037135;377;10032.24;26/01/2022;26.12
26/01/2022;37;37;37;37;37;1000;37000;24/01/2022;37
25/01/2022;;;;;;;;24/01/2022;37
24/01/2022;39;37;39;37;37.20554016620498;1805;67156;19/01/2022;38.16
21/01/2022;;;;;;;;19/01/2022;38.16
20/01/2022;;;;;39.3;10;393;19/01/2022;38.16
19/01/2022;38.16;38.16;38.16;38.16;38.16519138755981;4180;159530.5;18/01/2022;36
18/01/2022;36;36;36;36;36.00066666666667;1500;54001;17/01/2022;36
17/01/2022;36;36;36.01;36;36.00127022010077;3771;135760.79;13/01/2022;36
14/01/2022;;;;;;;;13/01/2022;36
13/01/2022;36;36;36;36;36.089285714285715;280;10105;12/01/2022;34.99
12/01/2022;34.45;34.99;34.99;34.45;34.89548872180451;1330;46411;11/01/2022;32.5
11/01/2022;31.1;32.5;32.5;31.1;32.092280511008425;3679;118067.5;10/01/2022;31
10/01/2022;31;31;31;31;31;600;18600;07/01/2022;26.95
07/01/2022;26.85;26.95;26.95;26.85;26.8731124807396;2596;69762.6;06/01/2022;25.6
06/01/2022;25.6;25.6;25.6;25.6;25.6;2000;51200;05/01/2022;24.6
05/01/2022;24.6;24.6;24.6;24.6;24.6;1224;30110.4;03/01/2022;24.6
04/01/2022;;;;;;;;03/01/2022;24.6
03/01/2022;24.6;24.6;24.6;24.6;24.6;2810;69126;30/12/2021;24
31/12/2021;;;;;;;;30/12/2021;24
30/12/2021;24;24;24;24;24;400;9600;29/12/2021;24.6
29/12/2021;24.6;24.6;24.6;24.6;24.6;226;5559.6;20/12/2021;25.35
28/12/2021;;;;;;;;20/12/2021;25.35
27/12/2021;;;;;;;;20/12/2021;25.35
24/12/2021;;;;;;;;20/12/2021;25.35
23/12/2021;;;;;;;;20/12/2021;25.35
22/12/2021;;;;;;;;20/12/2021;25.35
21/12/2021;;;;;;;;20/12/2021;25.35
20/12/2021;25.35;25.35;25.35;25.35;25.35;3323;84238.05;16/12/2021;25.35
17/12/2021;;;;;;;;16/12/2021;25.35
16/12/2021;24.38;25.35;25.35;24.38;25.10923076923077;2600;65284;02/12/2021;23
15/12/2021;;;;;23;2;46;02/12/2021;23
14/12/2021;;;;;;;;02/12/2021;23
13/12/2021;;;;;;;;02/12/2021;23
10/12/2021;;;;;;;;02/12/2021;23
09/12/2021;;;;;;;;02/12/2021;23
07/12/2021;;;;;;;;02/12/2021;23
06/12/2021;;;;;;;;02/12/2021;23
03/12/2021;;;;;23.3;300;6990;02/12/2021;23
02/12/2021;22.3;23;23;22.3;22.32054794520548;1168;26070.4;01/12/2021;20
01/12/2021;20;20;20;20;20;605;12100;30/11/2021;17.01
30/11/2021;17.01;17.01;17.01;17.01;17.01;3304;56201.04;23/11/2021;16.72
29/11/2021;;;;;;;;23/11/2021;16.72
26/11/2021;;;;;;;;23/11/2021;16.72
25/11/2021;;;;;;;;23/11/2021;16.72
24/11/2021;;;;;;;;23/11/2021;16.72
23/11/2021;16.72;16.72;16.72;16.72;16.72;4099;68535.28;22/10/2021;16.62
22/11/2021;;;;;16.12;190;3062.8;22/10/2021;16.62
19/11/2021;;;;;;;;22/10/2021;16.62
18/11/2021;;;;;;;;22/10/2021;16.62
17/11/2021;;;;;;;;22/10/2021;16.62
16/11/2021;;;;;;;;22/10/2021;16.62
15/11/2021;;;;;;;;22/10/2021;16.62
12/11/2021;;;;;;;;22/10/2021;16.62
11/11/2021;;;;;;;;22/10/2021;16.62
10/11/2021;;;;;;;;22/10/2021;16.62
09/11/2021;;;;;;;;22/10/2021;16.62
08/11/2021;;;;;;;;22/10/2021;16.62
05/11/2021;;;;;;;;22/10/2021;16.62
04/11/2021;;;;;;;;22/10/2021;16.62
03/11/2021;;;;;;;;22/10/2021;16.62
02/11/2021;;;;;;;;22/10/2021;16.62
29/10/2021;;;;;;;;22/10/2021;16.62
28/10/2021;;;;;;;;22/10/2021;16.62
27/10/2021;;;;;;;;22/10/2021;16.62
26/10/2021;;;;;;;;22/10/2021;16.62
25/10/2021;;;;;;;;22/10/2021;16.62
22/10/2021;16.62;16.62;16.62;16.62;16.62;2347;39007.14;21/10/2021;16.64
21/10/2021;16.64;16.64;16.64;16.64;16.64;3401;56592.64;19/10/2021;17.34
20/10/2021;;;;;;;;19/10/2021;17.34
19/10/2021;15.2;17.34;17.34;15.2;15.638755186721992;4097;64071.98;07/10/2021;14.2
18/10/2021;;;;;;;;07/10/2021;14.2
15/10/2021;;;;;;;;07/10/2021;14.2
14/10/2021;;;;;;;;07/10/2021;14.2
13/10/2021;;;;;;;;07/10/2021;14.2
12/10/2021;;;;;;;;07/10/2021;14.2
11/10/2021;;;;;;;;07/10/2021;14.2
07/10/2021;13.77;14.2;14.2;13.77;13.871527777777779;7200;99875;14/09/2021;13.77
06/10/2021;;;;;;;;14/09/2021;13.77
05/10/2021;;;;;;;;14/09/2021;14.01
04/10/2021;;;;;;;;14/09/2021;14.01
01/10/2021;;;;;;;;14/09/2021;14.01
30/09/2021;;;;;;;;14/09/2021;14.01
29/09/2021;;;;;;;;14/09/2021;14.01
28/09/2021;;;;;14.010000000000002;251;3516.51;14/09/2021;14.01
27/09/2021;;;;;;;;14/09/2021;14.01
24/09/2021;;;;;;;;14/09/2021;14.01
23/09/2021;;;;;;;;14/09/2021;14.01
22/09/2021;;;;;;;;14/09/2021;14.01
21/09/2021;;;;;;;;14/09/2021;14.01
20/09/2021;;;;;;;;14/09/2021;14.01
17/09/2021;;;;;;;;14/09/2021;14.01
16/09/2021;;;;;;;;14/09/2021;14.01
15/09/2021;;;;;;;;14/09/2021;14.01
14/09/2021;14.01;14.01;14.01;14.01;14.01;1500;21015;10/09/2021;14
13/09/2021;;;;;14;76;1064;10/09/2021;14
10/09/2021;14;14;14;14;14;1300;18200;09/09/2021;15.5
09/09/2021;15.6;15.5;16.1;15.5;15.543829113924051;6320;98237;17/08/2021;15
08/09/2021;;;;;;;;17/08/2021;15
07/09/2021;;;;;;;;17/08/2021;15
06/09/2021;;;;;;;;17/08/2021;15
03/09/2021;;;;;;;;17/08/2021;15
02/09/2021;;;;;;;;17/08/2021;15
01/09/2021;;;;;;;;17/08/2021;15
31/08/2021;;;;;;;;17/08/2021;15
27/08/2021;;;;;;;;17/08/2021;15
26/08/2021;;;;;;;;17/08/2021;15
25/08/2021;;;;;;;;17/08/2021;15
24/08/2021;;;;;;;;17/08/2021;15
23/08/2021;;;;;;;;17/08/2021;15
20/08/2021;;;;;;;;17/08/2021;15
19/08/2021;;;;;;;;17/08/2021;15
18/08/2021;;;;;;;;17/08/2021;15
17/08/2021;15;15;15;15;15;2930;43950;16/08/2021;15.1
16/08/2021;15.19;15.1;15.19;15.1;15.148190416634096;12793;193790.8;05/08/2021;15.3
13/08/2021;;;;;;;;05/08/2021;15.3
12/08/2021;;;;;;;;05/08/2021;15.3
11/08/2021;;;;;;;;05/08/2021;15.3
10/08/2021;;;;;15.28;150;2292;05/08/2021;15.3
09/08/2021;;;;;;;;05/08/2021;15.3
06/08/2021;;;;;;;;05/08/2021;15.3
05/08/2021;15.3;15.3;15.3;15.3;15.333870967741936;744;11408.4;04/08/2021;15.6
04/08/2021;15.6;15.6;15.6;15.6;15.6;400;6240;03/08/2021;16.5
03/08/2021;16.5;16.5;16.5;16.5;16.5;309;5098.5;23/07/2021;16.5
02/08/2021;;;;;;;;23/07/2021;16.5
30/07/2021;;;;;;;;23/07/2021;16.5
27/07/2021;;;;;16.5;21;346.5;23/07/2021;16.5
26/07/2021;;;;;;;;23/07/2021;16.5
23/07/2021;16.5;16.5;16.5;16.5;16.5;360;5940;02/06/2021;16.8
22/07/2021;;;;;;;;02/06/2021;16.8
21/07/2021;;;;;16.748181818181816;220;3684.6;02/06/2021;16.8
20/07/2021;;;;;;;;02/06/2021;16.8
19/07/2021;;;;;16.8;190;3192;02/06/2021;16.8
16/07/2021;;;;;;;;02/06/2021;16.8
15/07/2021;;;;;;;;02/06/2021;16.8
14/07/2021;;;;;;;;02/06/2021;16.8
13/07/2021;;;;;;;;02/06/2021;16.8
12/07/2021;;;;;;;;02/06/2021;16.8
09/07/2021;;;;;;;;02/06/2021;16.8
08/07/2021;;;;;;;;02/06/2021;16.8
07/07/2021;;;;;;;;02/06/2021;16.8
06/07/2021;;;;;;;;02/06/2021;16.8
05/07/2021;;;;;;;;02/06/2021;16.8
02/07/2021;;;;;;;;02/06/2021;16.8
01/07/2021;;;;;;;;02/06/2021;16.8
30/06/2021;;;;;;;;02/06/2021;16.8
28/06/2021;;;;;;;;02/06/2021;16.8
25/06/2021;;;;;;;;02/06/2021;16.8
24/06/2021;;;;;;;;02/06/2021;16.8
23/06/2021;;;;;;;;02/06/2021;16.8
22/06/2021;;;;;;;;02/06/2021;16.8
21/06/2021;;;;;;;;02/06/2021;16.8
18/06/2021;;;;;;;;02/06/2021;16.8
17/06/2021;;;;;;;;02/06/2021;16.8
16/06/2021;;;;;;;;02/06/2021;16.8
15/06/2021;;;;;;;;02/06/2021;16.8
14/06/2021;;;;;;;;02/06/2021;16.8
11/06/2021;;;;;;;;02/06/2021;16.8
10/06/2021;;;;;;;;02/06/2021;16.8
09/06/2021;;;;;;;;02/06/2021;16.8
08/06/2021;;;;;;;;02/06/2021;16.8
07/06/2021;;;;;;;;02/06/2021;16.8
04/06/2021;;;;;;;;02/06/2021;16.8
03/06/2021;;;;;;;;02/06/2021;16.8
02/06/2021;16.95;16.8;16.95;16.8;16.906492773261064;4428;74861.95;01/06/2021;17
01/06/2021;17;17;17;17;17;1200;20400;31/05/2021;19.03
31/05/2021;22.8;22.9;22.9;22.8;22.861776061776062;1295;29606;21/05/2021;22.99
28/05/2021;;;;;;;;21/05/2021;22.99
27/05/2021;;;;;;;;21/05/2021;22.99
26/05/2021;;;;;;;;21/05/2021;22.99
25/05/2021;;;;;;;;21/05/2021;22.99
24/05/2021;;;;;;;;21/05/2021;22.99
21/05/2021;22.99;22.99;22.99;22.99;22.990000000000002;951;21863.49;19/05/2021;23
20/05/2021;;;;;;;;19/05/2021;23
19/05/2021;23;23;23;23;23;2015;46345;18/05/2021;23
18/05/2021;22.99;23;23;22.99;22.989627887082978;2338;53749.75;17/05/2021;23
17/05/2021;22;23;23;22;22.20049710024855;2414;53592;14/05/2021;21.5
14/05/2021;21.5;21.5;21.5;21.5;21.5;1480;31820;13/05/2021;21
13/05/2021;21;21;21;21;21;2959;62139;11/05/2021;19.85
12/05/2021;;;;;;;;11/05/2021;19.85
11/05/2021;18.5;19.85;19.85;18.5;18.82547169811321;3180;59865;06/05/2021;18
10/05/2021;;;;;;;;06/05/2021;18
07/05/2021;;;;;;;;06/05/2021;18
06/05/2021;18;18;18;18;18;918;16524;05/05/2021;18
05/05/2021;18;18;18;18;18;2400;43200;04/05/2021;18
04/05/2021;18.03;18;18.03;18;18.009677419354837;1302;23448.6;03/05/2021;18.03
03/05/2021;18.03;18.03;18.03;18.03;18.03;2057;37087.71;30/04/2021;17.98
30/04/2021;17.98;17.98;17.98;17.98;17.98;5000;89900;26/04/2021;17.98
29/04/2021;;;;;;;;26/04/2021;17.98
28/04/2021;;;;;;;;26/04/2021;17.98
27/04/2021;;;;;;;;26/04/2021;17.98
26/04/2021;18;17.98;18;17.98;17.994851485148516;5050;90874;21/04/2021;17
23/04/2021;;;;;;;;21/04/2021;17
22/04/2021;;;;;16.6;46;763.6;21/04/2021;17
21/04/2021;16;17;17;16;16.870342568581957;7327;123609;12/04/2021;18
20/04/2021;;;;;;;;12/04/2021;18
19/04/2021;;;;;;;;12/04/2021;18
16/04/2021;;;;;;;;12/04/2021;18
15/04/2021;;;;;18;139;2502;12/04/2021;18
14/04/2021;;;;;;;;12/04/2021;18
13/04/2021;;;;;;;;12/04/2021;18
12/04/2021;18;18;18;18;18;700;12600;06/04/2021;19
09/04/2021;;;;;;;;06/04/2021;19
08/04/2021;;;;;;;;06/04/2021;19
07/04/2021;;;;;;;;06/04/2021;19
06/04/2021;18.5;19;19;18.5;18.75;3200;60000;31/03/2021;18.46
05/04/2021;;;;;;;;31/03/2021;18.46
