Fecha de cotización;Apertura;Cierre;Máximo;Mínimo;Promedio;Cantidad negociada;Monto negociado ($);Fecha anterior;Cierre anterior corregido
19/05/2026;57;55.45;57;55.45;56.61268656716418;134;7586.1;18/05/2026;56.8
18/05/2026;56;56.8;56.8;55;56.313559322033896;2006;112965;15/05/2026;56.51
15/05/2026;56.1;56.51;56.92;56.1;56.507804007463285;12327;696571.7;14/05/2026;56.2
14/05/2026;56;56.2;56.35;56;56.033621017092216;4739;265543.33;13/05/2026;56.92
13/05/2026;57.5;56.92;57.5;57;57.00911161731207;439;25027;12/05/2026;56
12/05/2026;54;56;56.5;54;55.91144625125917;34745;1942643.2;11/05/2026;54.5
11/05/2026;53.1;54.5;54.5;53;54.07701927194861;2335;126269.84;08/05/2026;52.5
08/05/2026;54.38;52.5;54.38;52.5;52.500665161792845;2027191;106428875.91;07/05/2026;54
07/05/2026;54.38;54;54.38;54;54.128796992481206;133;7199.13;06/05/2026;52.5
06/05/2026;54.38;52.5;54.38;52.5;53.154144736842106;152;8079.43;05/05/2026;51.97
05/05/2026;52;51.97;53;51;51.982426778242676;1195;62119;04/05/2026;52.8
04/05/2026;53;52.8;53;52.1;52.32671786833856;3190;166922.23;30/04/2026;52.5
30/04/2026;53;52.5;53.2;52.5;52.73104665651391;7223;380876.35;29/04/2026;53.2
29/04/2026;53.99;53.2;53.99;53.2;53.31577922077921;154;8210.63;28/04/2026;53
28/04/2026;53;53;53;53;53.17907949790795;239;12709.8;27/04/2026;53.59
27/04/2026;55;53.59;55;53;54.1063122923588;602;32572;23/04/2026;55
24/04/2026;;;;;55;18;990;23/04/2026;55
23/04/2026;52.3;55;55;52.3;52.828859060402685;447;23614.5;22/04/2026;52.3
22/04/2026;52.5;52.3;52.5;52.3;52.41169680646402;2599;136218;21/04/2026;52
21/04/2026;52.5;52;52.6;52;52.47136672850959;1617;84846.2;20/04/2026;52.6
20/04/2026;53;52.6;53;52.6;52.83810289389068;2488;131461.2;16/04/2026;55
17/04/2026;;;;;54.12826086956522;46;2489.9;16/04/2026;55
16/04/2026;55;55;55;55;55;158;8690;15/04/2026;53
15/04/2026;53.5;53;54;51.05;52.71369828456105;3964;208957.1;14/04/2026;55
14/04/2026;55;55;55;55;55.00063104189044;7448;409644.7;13/04/2026;55.5
13/04/2026;56.8;55.5;56.8;53;55.3930790960452;708;39218.3;10/04/2026;55.1
10/04/2026;55.1;55.1;55.1;55.1;55.178000000000004;150;8276.7;09/04/2026;57.04
09/04/2026;57.9;57.9;57.9;57.9;57.820588235294125;578;33420.3;08/04/2026;58
08/04/2026;55.75;58;58;55.75;55.82816735415439;1697;94740.4;07/04/2026;55.75
07/04/2026;54;55.75;55.8;54;55.553714285714285;350;19443.8;06/04/2026;55.8
06/04/2026;53.4;55.8;56;53.4;55.62032032032032;999;55564.7;01/04/2026;53
01/04/2026;52.2;53;53;52.2;52.56270853778214;1019;53561.4;31/03/2026;51.35
31/03/2026;51.6;51.35;51.6;51.35;51.3702385659681;15174;779492;30/03/2026;51.5
30/03/2026;51.5;51.5;51.5;51.5;51.5;371;19106.5;27/03/2026;51.5
27/03/2026;52.1;51.5;52.1;51.5;51.93326403326404;481;24979.9;26/03/2026;52.1
26/03/2026;53;52.1;53;51;51.87788215200683;2342;121498;25/03/2026;52.1
25/03/2026;52;52.1;52.1;51.9;52.006281782829795;3343;173857;24/03/2026;51
24/03/2026;48.5;51;51;48.5;50.343023255813954;1720;86590;23/03/2026;48.5
23/03/2026;48.5;48.5;48.5;48;48.07085655579812;15574;748655.52;20/03/2026;48.5
20/03/2026;49.5;48.5;49.5;48.1;48.82821701936065;8884;433789.88;19/03/2026;49.29
19/03/2026;51;49.29;51;49.29;50.62429485470541;3751;189891.73;18/03/2026;52.2
18/03/2026;55.2;52.2;55.2;52.2;54.45624390243903;410;22327.06;17/03/2026;56.41
17/03/2026;55.5;56.41;56.41;55.3;55.734640998959414;961;53560.99;16/03/2026;55.5
16/03/2026;56;55.5;56;55.5;55.73509920634921;504;28090.49;13/03/2026;55.59
13/03/2026;55.59;55.59;55.59;55.59;55.88732142857143;56;3129.69;12/03/2026;56.1
12/03/2026;58.5;56.1;58.5;56;57.14648633575013;3586;204927.3;11/03/2026;58.5
11/03/2026;61;58.5;61;58.5;59.464285714285715;350;20812.5;10/03/2026;58.5
10/03/2026;58;58.5;58.5;58;58.375787234042555;2350;137183.1;09/03/2026;58
09/03/2026;58;58;58;56.5;56.57928542753914;19928;1127512;06/03/2026;58
06/03/2026;58.75;58;58.75;58;58.656930693069306;505;29621.75;05/03/2026;59
05/03/2026;60.8;59;60.8;59;59.72349726775956;732;43717.6;04/03/2026;60.9
04/03/2026;60;60.9;61;60;60.44972489683631;1454;87893.9;03/03/2026;61
03/03/2026;60;61;61;60;60.60753323485968;1354;82062.6;27/02/2026;62
02/03/2026;;;;;63.31972972972973;74;4685.66;27/02/2026;62
27/02/2026;60;62;62;60;61.72615210652031;39354;2429170.99;26/02/2026;60
26/02/2026;59;60;60;59;59.67804090419806;2787;166322.7;25/02/2026;59.8
25/02/2026;59.8;59.8;60;59.8;59.97959239878821;3631;217785.9;24/02/2026;59.8
24/02/2026;58;59.8;59.8;57.8;58.1358138238573;1794;104295.65;23/02/2026;57.8
23/02/2026;57.8;57.8;57.8;57.8;57.8537037037037;864;49985.6;20/02/2026;57.4
20/02/2026;57.4;57.4;57.5;57.4;57.40690426758939;4335;248858.93;19/02/2026;58
19/02/2026;56.8;58;58;56.75;57.02098912877048;6531;372404.08;18/02/2026;57.35
18/02/2026;57.35;57.35;57.35;57.35;57.35;1757;100763.95;17/02/2026;57.4
17/02/2026;57.4;57.4;57.4;57.4;57.40702341137124;299;17164.7;16/02/2026;57.4
16/02/2026;57.5;57.4;57.5;57.4;57.43423913043478;552;31703.7;13/02/2026;57.4
13/02/2026;57.49;57.4;57.49;57.4;57.400159574468084;564;32373.69;12/02/2026;57.5
12/02/2026;57.5;57.5;57.5;57.49;57.491;1160;66689.56;11/02/2026;57.5
11/02/2026;57.5;57.5;57.5;57;57.431498194945846;1108;63634.1;10/02/2026;57.5
10/02/2026;58;57.5;58;57;57.374932855863925;1117;64087.8;09/02/2026;58
09/02/2026;58.5;58;58.9;58;58.81060726334591;10078;592693.3;06/02/2026;57.03
06/02/2026;57.8;57.03;59.7;57.03;58.598502473997776;9903;580300.97;05/02/2026;57.8
05/02/2026;57.4;57.8;57.8;56.8;57.192275747508305;1204;68859.5;04/02/2026;57.9
04/02/2026;57;57.9;57.9;57;57.09797281182924;4193;239411.8;03/02/2026;57.6
03/02/2026;56.5;57.6;58.5;56.4;57.1642316017316;1848;105639.5;02/02/2026;56.9
02/02/2026;58;56.9;58;56.9;57.22002395209581;835;47778.72;30/01/2026;58.14
30/01/2026;58;58.14;58.14;54;56.58861158226315;8254;467082.4;29/01/2026;60
29/01/2026;59.8;60;60;58;59.614572333685324;3788;225820;28/01/2026;59
28/01/2026;60;59;60;59;59.78851931330472;4660;278614.5;27/01/2026;58
27/01/2026;58;58;58;57;57.98620689655173;30334;1758953.6;26/01/2026;57.5
26/01/2026;55.9;57.5;57.5;55.9;56.78478729963009;6488;368419.7;23/01/2026;55.8
23/01/2026;55.85;55.8;56;55.8;55.90238383478725;5617;314003.69;22/01/2026;55.85
22/01/2026;55.8;55.85;56;55.8;55.87393627170387;5241;292835.3;21/01/2026;56
21/01/2026;55.91;56;56.4;55.91;56.24682458137791;36011;2025504.4;20/01/2026;54.47
20/01/2026;55.99;55.9;56;55.9;55.97440610484406;1507;84353.43;19/01/2026;55.99
19/01/2026;56;55.99;56;55.99;55.988482142857144;448;25082.84;16/01/2026;56
16/01/2026;55.5;56;56;55.5;55.56744417622209;9942;552451.53;15/01/2026;55
15/01/2026;55;55;55.5;55;55.18060675443618;8735;482002.6;14/01/2026;54.45
14/01/2026;54.25;54.45;55.49;54.25;54.96030715705765;20120;1105801.38;13/01/2026;54
13/01/2026;54.9;54;54.9;53.5;54.145224929709464;8536;462183.64;12/01/2026;54.7
12/01/2026;51;54.7;54.8;51;53.93961916461916;4884;263441.1;09/01/2026;52.8
09/01/2026;51.1;52.8;52.8;51;51.31549257017061;3634;186480.5;08/01/2026;50.9
08/01/2026;51;50.9;52.9;50.7;51.01386276212929;8059;411120.72;07/01/2026;50.7
07/01/2026;50.3;50.7;51;50.3;50.691464401294496;6180;313273.25;06/01/2026;50.3
06/01/2026;49.61;50.3;50.3;49.61;50.071529088519895;8371;419148.77;05/01/2026;49.5
05/01/2026;49;49.5;49.8;49;49.18098076402059;3691;181527;02/01/2026;49
02/01/2026;49;49;49;49;48.98295454545455;88;4310.5;31/12/2025;49
01/01/2026;;;;;;;;;49
31/12/2025;48.75;49;49;48.75;48.981667681071215;8215;402384.4;30/12/2025;48.75
30/12/2025;48.2;48.75;49;48.1;48.48069406392694;16425;796295.4;29/12/2025;47.8
29/12/2025;47.7;47.8;47.8;47.6;47.693723175965665;1864;88901.1;26/12/2025;47.8
26/12/2025;47.7;47.8;48;47.7;47.830963302752295;1962;93844.35;23/12/2025;47.6
24/12/2025;;;;;47.65;5;238.25;23/12/2025;47.6
23/12/2025;47.75;47.6;47.75;47.6;47.72501380452788;1811;86430;22/12/2025;47.5
22/12/2025;47.9;47.5;47.9;47;47.55938661710037;538;25586.95;19/12/2025;46.7
19/12/2025;46.45;46.7;47.5;46.3;46.91837708830549;1257;58976.4;18/12/2025;46.45
18/12/2025;46;46.45;46.45;46;46.09086538461539;936;43141.05;17/12/2025;46.2
17/12/2025;46.2;46.2;46.2;46.2;46.20998003992016;1002;46302.4;16/12/2025;47.2
16/12/2025;46.2;47.2;47.45;46.2;47.1688093730209;1579;74479.55;15/12/2025;47.2
15/12/2025;47.4;47.2;47.45;47;47.30552742616034;1185;56057.05;12/12/2025;47.4
12/12/2025;47.4;47.4;47.4;47.4;47.40022123893806;452;21424.9;11/12/2025;47
11/12/2025;47.5;47;47.5;46.2;46.988820043103445;3712;174422.5;10/12/2025;47.5
10/12/2025;47.9;47.5;47.9;47.5;47.840936254980086;1004;48032.3;05/12/2025;47.9
05/12/2025;46.5;47.9;47.9;46.5;46.93962549277267;1522;71442.11;04/12/2025;45.8
04/12/2025;47;45.8;47;45.8;46.205882352941174;272;12568;03/12/2025;46
03/12/2025;45;46;46;45;45.54481132075472;212;9655.5;02/12/2025;46
02/12/2025;45.9;46;46;45.6;45.890431795878314;2038;93524.7;01/12/2025;45.4
01/12/2025;45.5;45.4;45.5;45.4;45.48980039576701;23246;1057455.9;28/11/2025;45.5
28/11/2025;45;45.5;45.5;45;45.01102640893003;11019;495976.5;27/11/2025;44.5
27/11/2025;44.5;44.5;44.5;44.5;44.58924731182796;93;4146.8;26/11/2025;45
26/11/2025;44.15;45;45;44.15;44.42073471400394;2028;90085.25;25/11/2025;45
25/11/2025;45;45;45;45;44.96739130434783;115;5171.25;24/11/2025;45
24/11/2025;44.5;45;45;44.5;44.871571988246814;20420;916277.5;21/11/2025;44.5
21/11/2025;44.5;44.5;44.5;44.2;44.423770538730174;34934;1551900;20/11/2025;44
20/11/2025;44.5;44;44.5;44;44.08634020618557;388;17105.5;19/11/2025;44
19/11/2025;44;44;44.5;44;44.10502336448598;4280;188769.5;18/11/2025;43.81
18/11/2025;43.85;43.81;43.85;43.81;43.818279311724694;2499;109501.88;14/11/2025;44.7
17/11/2025;;;;;45.34705882352941;34;1541.8;14/11/2025;44.7
14/11/2025;45;44.7;45;44.7;44.887554767369075;9586;430292.1;13/11/2025;45
13/11/2025;45;45;45;45;45.00859872611465;628;28265.4;12/11/2025;46
12/11/2025;44.3;46;46;44.3;44.54389721627409;467;20802;11/11/2025;43.9
11/11/2025;43.9;43.9;43.9;43.9;43.91366459627329;161;7070.1;10/11/2025;44
10/11/2025;44;44;44;44;44.00609137055837;591;26007.6;07/11/2025;44.3
07/11/2025;43.7;44.3;44.3;43.7;43.963820366856424;1581;69506.8;06/11/2025;44
06/11/2025;44;44;44.4;44;44.15614194722475;10990;485276;05/11/2025;44
05/11/2025;43.8;44;44;43.8;43.98863737239236;4506;198212.8;04/11/2025;43.8
04/11/2025;43.8;43.8;43.8;43.8;43.801647323099964;2671;116994.2;03/11/2025;43.9
03/11/2025;43.8;43.9;43.9;43.8;43.87410491257286;1201;52692.8;31/10/2025;44
31/10/2025;43.6;44;44;43.6;43.92444797038212;7563;332200.6;29/10/2025;44.2
30/10/2025;;;;;44.58108108108108;37;1649.5;29/10/2025;44.2
29/10/2025;44.5;44.2;44.5;44.2;44.256383781235265;4242;187735.58;28/10/2025;44.1
28/10/2025;45;44.1;45;44;44.102990430622015;7524;331830.9;27/10/2025;44
27/10/2025;43.8;44;44.5;43.8;44.04981832338438;3853;169723.95;24/10/2025;44
24/10/2025;44;44;44;43.6;43.94471496437054;3368;148005.8;23/10/2025;43.6
23/10/2025;43.4;43.6;43.6;43.4;43.45093167701863;3220;139912;22/10/2025;43.4
22/10/2025;43.2;43.4;43.4;43.2;43.38280575539568;1390;60302.1;21/10/2025;43
21/10/2025;43.5;43;43.5;43;43.02506613756614;8316;357796.45;20/10/2025;43.8
20/10/2025;43.8;43.8;43.8;43.6;43.795600129407966;3091;135372.2;17/10/2025;43.8
17/10/2025;43.6;43.8;43.8;43.6;43.67011070110701;271;11834.6;16/10/2025;43.6
16/10/2025;44;43.6;44;43.6;43.753937007874015;6604;288951;15/10/2025;43.4
15/10/2025;43.4;43.4;43.6;43.4;43.480047825437154;6691;290925;14/10/2025;43.4
14/10/2025;43.4;43.4;43.4;43.4;43.40128;1250;54251.6;13/10/2025;43.4
13/10/2025;42.6;43.4;43.4;42.6;43.37060441850771;11995;520230.4;10/10/2025;42.95
10/10/2025;42.95;42.95;42.95;42.95;42.95141509433962;742;31869.95;09/10/2025;43
09/10/2025;42;43;43;42;42.87660409078173;3569;153026.6;07/10/2025;42
07/10/2025;42;42;42;42;42.12162162162162;148;6234;06/10/2025;43
06/10/2025;43;43;43.01;43;43.000028422010004;17592;756456.5;03/10/2025;43
03/10/2025;42.5;43;43;42.5;42.66732673267327;1818;77569.2;02/10/2025;42
02/10/2025;41.99;42;42;41.99;41.998436833878074;7037;295543;01/10/2025;41.99
01/10/2025;41.99;41.99;41.99;41.99;41.832081632653065;245;10248.86;30/09/2025;42
30/09/2025;41;42;42;40.9;41.00025265503423;55649;2281623.06;29/09/2025;41
29/09/2025;41;41;41;40.1;40.850887096774194;1240;50655.1;26/09/2025;40.8
26/09/2025;40.8;40.8;40.8;40.75;40.78750963762529;1297;52901.4;25/09/2025;40.1
25/09/2025;40.8;40.1;40.8;40.1;40.20198255352894;1261;50694.7;24/09/2025;40.1
24/09/2025;41;40.1;41;40;40.79891111111111;900;36719.02;23/09/2025;41
23/09/2025;41;41;41;41;41;1326;54366;22/09/2025;41
22/09/2025;40.9;41;41;40.9;40.91202898550725;1380;56458.6;19/09/2025;40.9
19/09/2025;41;40.9;41.1;40;41.03592742796158;18740;769013.28;17/09/2025;41.8
18/09/2025;;;;;41.438317757009344;107;4433.9;17/09/2025;41.8
17/09/2025;41.5;41.8;41.8;41.5;41.68202247191011;178;7419.4;16/09/2025;41.8
16/09/2025;41.8;41.8;41.8;41.8;41.80401234567901;324;13544.5;12/09/2025;42
15/09/2025;;;;;41.855555555555554;9;376.7;12/09/2025;42
12/09/2025;42;42;42;42;42.00034904013962;2865;120331;11/09/2025;41.8
11/09/2025;41.8;41.8;41.89;41.7;41.80179012345678;7128;297963.16;10/09/2025;41.7
10/09/2025;41.7;41.7;41.7;41.7;41.6998822836963;1699;70848.1;09/09/2025;41.7
09/09/2025;42;41.7;42;41.5;41.58162609095085;2177;90523.2;08/09/2025;41.35
08/09/2025;41;41.35;41.35;41;41.22152366863905;1352;55731.5;04/09/2025;41.1
05/09/2025;;;;;41.90294117647059;17;712.35;04/09/2025;41.1
04/09/2025;41.35;41.1;41.35;41;41.30916192026037;2458;101537.92;03/09/2025;41.1
03/09/2025;41;41.1;41.1;41;41.030942687128096;3193;131011.8;02/09/2025;41
02/09/2025;41;41;41;41;41.00201573254671;1017;41699.05;01/09/2025;41
01/09/2025;40.75;41;41.1;40.75;41.0701297337045;19039;781934.2;29/08/2025;40.95
29/08/2025;41;40.95;41;40.95;40.992331055429005;1317;53986.9;28/08/2025;41
28/08/2025;40.8;41;41;40.8;40.879400000000004;1000;40879.4;26/08/2025;41
27/08/2025;;;;;40.15;30;1204.5;26/08/2025;41
26/08/2025;40.2;41;41;40.2;40.97834676556594;14021;574557.4;25/08/2025;40.2
25/08/2025;40.2;40.2;40.2;40.2;40.20296846011132;539;21669.4;22/08/2025;40.2
22/08/2025;39.8;40.2;40.2;39.5;39.96304007514089;3194;127641.95;21/08/2025;39.9
21/08/2025;39.4;39.9;39.9;39.4;39.65404858299595;247;9794.55;20/08/2025;39.9
20/08/2025;39.95;39.9;40;39.9;39.99504358326101;26501;1059908.65;19/08/2025;40
19/08/2025;39.4;40;40;39.4;39.92311293153892;1709;68228.6;18/08/2025;40.5
18/08/2025;39.74;40.5;40.5;39.74;40.476229022704835;4052;164009.68;14/08/2025;39.74
15/08/2025;;;;;39.74;18;715.32;14/08/2025;39.74
14/08/2025;40.55;40.6;40.6;40.55;40.550241813888654;35151;1425381.55;13/08/2025;40.8
13/08/2025;41;40.8;41;40.8;40.869811320754714;212;8664.4;12/08/2025;40.2
12/08/2025;40;40.2;40.2;40;40.02280789188239;34111;1365218;11/08/2025;40
11/08/2025;39.8;40;40;39.8;39.98131672597865;2248;89878;08/08/2025;40
08/08/2025;39.9;40;40;39.9;39.984276827371694;1929;77129.67;07/08/2025;39.7
07/08/2025;40;39.7;40;39.6;39.770926315789474;2375;94455.95;05/08/2025;39.8
05/08/2025;40;39.8;40;39.6;39.73617472852912;2026;80505.49;04/08/2025;40
04/08/2025;40;40;40;40;40.00140449438202;712;28481;01/08/2025;40
01/08/2025;40;40;40;40;39.998899889989;4545;181795;31/07/2025;40
31/07/2025;39.95;40;40;39.95;39.98641057934509;3176;126996.84;30/07/2025;39.3
30/07/2025;40;39.3;40;39.3;39.913932725558;3181;126966.22;25/07/2025;40
25/07/2025;39.5;40;40;39.5;39.97893746381008;13816;552349;24/07/2025;39.52
24/07/2025;39.9;39.52;39.9;39.52;39.86131805157593;3141;125204.4;22/07/2025;39.9
22/07/2025;40;39.9;40;39.9;39.99097472924188;554;22155;21/07/2025;40
21/07/2025;39.95;40;40;39.95;39.970596424384524;6824;272759.35;17/07/2025;40
18/07/2025;;;;;39.973684210526315;76;3038;17/07/2025;40
17/07/2025;40;40;40;39.8;39.83879456706281;3534;140790.3;16/07/2025;40
16/07/2025;40;40;40;40;40;437;17480;15/07/2025;40
15/07/2025;39.7;40;40;39.45;39.85624300111982;3572;142366.5;14/07/2025;39.7
14/07/2025;40;39.7;40;39.7;39.826797385620914;153;6093.5;11/07/2025;40
11/07/2025;40;40;40;40;40;10471;418840;10/07/2025;40
10/07/2025;39.7;40;40;39.7;39.86548474717927;4786;190796.21;09/07/2025;39.7
09/07/2025;40;39.7;40;39.7;39.72460554371002;1407;55892.52;08/07/2025;40
08/07/2025;39.7;40;40;39.7;39.92698327037237;9265;369923.5;07/07/2025;40
07/07/2025;39.8;40;40;39.7;39.742832341269846;4032;160243.1;04/07/2025;39.7
04/07/2025;39.7;39.7;39.7;39.7;39.7;119;4724.3;03/07/2025;40
03/07/2025;40;40;40;40;40;10735;429400;02/07/2025;40
02/07/2025;40;40;40.05;40;40.015930018416206;2715;108643.25;01/07/2025;40
01/07/2025;40.5;40;41;40;40.310026385224276;3032;122220;30/06/2025;40
30/06/2025;40;40;40;40;39.99939432578897;3137;125478.1;27/06/2025;39.9
27/06/2025;39.5;39.9;39.9;39.5;39.795;320;12734.4;26/06/2025;39.5
26/06/2025;39.5;39.5;39.9;39.5;39.54141710927789;8849;349902;25/06/2025;39.5
25/06/2025;39.4;39.5;39.5;39.4;39.41231915826392;2281;89899.5;24/06/2025;39.5
24/06/2025;39.5;39.5;39.5;39.49;39.492913982569156;5278;208443.6;23/06/2025;39.5
23/06/2025;38.75;39.5;39.5;38.75;39.042892561983464;242;9448.38;20/06/2025;38.71
20/06/2025;39.5;38.71;39.5;38.71;38.803728813559324;2950;114471;19/06/2025;39.5
19/06/2025;39.5;39.5;39.5;39.5;39.51065891472868;1032;40775;18/06/2025;40
18/06/2025;40;40;40;40;40;237;9480;17/06/2025;39.5
17/06/2025;39.2;39.5;39.5;39.2;39.416560509554145;471;18565.2;16/06/2025;39.45
16/06/2025;39.3;39.45;39.45;39.1;39.228980099502486;402;15770.05;12/06/2025;40
13/06/2025;;;;;;;;12/06/2025;40
12/06/2025;40;40;40;40;39.90847457627118;118;4709.2;11/06/2025;39
11/06/2025;39;39;39;39;39.02523364485982;321;12527.1;10/06/2025;39.65
10/06/2025;39.1;39.65;39.65;39;39.12774925962488;2026;79272.82;09/06/2025;39.08
09/06/2025;39.09;39.08;39.5;39.08;39.084506358605964;10301;402609.5;06/06/2025;39.3
06/06/2025;39.3;39.3;39.3;39.3;39.300388368850825;10042;394654.5;05/06/2025;39.5
05/06/2025;39.9;39.5;40;39.5;39.864275527666855;3506;139764.15;04/06/2025;39.5
04/06/2025;39.8;39.5;39.95;39.5;39.736373758410764;12484;496068.89;03/06/2025;40.5
03/06/2025;39.8;40.5;40.5;39.8;39.85054806070826;2372;94525.5;02/06/2025;39.8
02/06/2025;40;39.8;40;39.8;39.80443828016644;7210;286990;30/05/2025;40
30/05/2025;39.51;40;40;39.5;39.538472596585805;1113;44006.32;28/05/2025;39.5
29/05/2025;;;;;;;;28/05/2025;39.5
28/05/2025;39.8;39.5;39.8;39.4;39.51947704822778;3442;136026.04;27/05/2025;39.5
27/05/2025;39.5;39.5;39.5;39.5;39.5;2783;109928.5;23/05/2025;39.5
26/05/2025;;;;;;;;23/05/2025;39.5
23/05/2025;39.5;39.5;39.5;39.5;39.49953828072532;5956;235259.25;22/05/2025;39.5
22/05/2025;39.5;39.5;39.5;39.5;39.5;1392;54984;21/05/2025;39.5
21/05/2025;39.4;39.5;39.5;39.15;39.1528751628568;33772;1322270.9;20/05/2025;39.5
20/05/2025;39.5;39.5;39.5;39.5;39.5;142;5609;19/05/2025;39.5
19/05/2025;39.5;39.5;39.5;39.45;39.49287912087912;455;17969.26;16/05/2025;40
16/05/2025;39.5;40;40;39.5;39.728221574344026;343;13626.78;15/05/2025;39.5
15/05/2025;39.5;39.5;39.5;39.5;39.49966577540107;2992;118183;14/05/2025;39.45
14/05/2025;39;39.45;39.45;39;39.2625968992248;258;10129.75;13/05/2025;39.5
13/05/2025;39.5;39.5;39.5;39.5;39.49825112107624;1115;44040.55;12/05/2025;39.5
12/05/2025;39.5;39.5;39.5;39.5;39.5;1026;40527;08/05/2025;39.5
09/05/2025;;;;;39.373333333333335;12;472.48;08/05/2025;39.5
08/05/2025;39.5;39.5;39.5;39.11;39.36763994910942;1572;61885.93;07/05/2025;39.5
07/05/2025;39.5;39.5;39.5;39.5;39.45718446601942;103;4064.09;06/05/2025;38.7
06/05/2025;38.7;38.7;38.7;38.7;38.70150117063765;7261;281011.6;05/05/2025;39.5
05/05/2025;39.4;39.5;39.5;39.4;39.4625;304;11996.6;02/05/2025;39.4
02/05/2025;39.4;39.4;39.4;39.4;39.4;252;9928.8;30/04/2025;39
30/04/2025;39.4;39;39.5;39;39.128064992614476;2031;79469.1;28/04/2025;39.5
29/04/2025;;;;;39.5;21;829.5;28/04/2025;39.5
28/04/2025;39.5;39.5;39.5;39.5;39.5;245;9677.5;25/04/2025;39.5
25/04/2025;39.5;39.5;39.5;39.5;39.5;2268;89586;24/04/2025;39.5
24/04/2025;39.5;39.5;39.5;39.5;39.5;358;14141;23/04/2025;39
23/04/2025;39.25;39;39.25;39;39.121315789473684;950;37165.25;22/04/2025;39.5
22/04/2025;39.25;39.5;39.5;39.25;39.26031591263651;12820;503317.25;15/04/2025;39.5
21/04/2025;;;;;39.59529411764706;17;673.12;15/04/2025;39.5
16/04/2025;;;;;39.6;6;237.6;15/04/2025;39.5
15/04/2025;39.51;39.5;39.51;39.5;39.5012987012987;770;30416;14/04/2025;39.5
14/04/2025;39.5;39.5;39.5;39.5;39.498222222222225;1125;44435.5;11/04/2025;39
11/04/2025;39.5;39;39.5;39;39.009550663998546;10994;428871;09/04/2025;39.95
10/04/2025;;;;;39.95;10;399.5;09/04/2025;39.95
09/04/2025;39.99;39.95;39.99;39.5;39.56174720519294;5546;219409.45;08/04/2025;39.29
08/04/2025;40;40;40;40;40.410360360360364;111;4485.55;07/04/2025;40
07/04/2025;40;40;40;40;39.98987341772152;2370;94776;04/04/2025;40
04/04/2025;40;40;40;40;40.17559322033898;295;11851.8;03/04/2025;41
03/04/2025;41;41;41;41;41.06859756097561;164;6735.25;02/04/2025;42.5
02/04/2025;41.75;42.5;42.5;41.75;41.75419926369075;26076;1088782.5;01/04/2025;41.75
01/04/2025;41.75;41.75;42.5;41.75;41.75205117001651;20598;860008.75;31/03/2025;42.5
31/03/2025;42.5;42.5;42.8;42.5;42.58222713864307;2712;115483;27/03/2025;42.55
28/03/2025;;;;;42.5;25;1062.5;27/03/2025;42.55
27/03/2025;42.55;42.55;42.55;42.5;42.52625751344511;3161;134425.5;26/03/2025;42.5
26/03/2025;42.5;42.5;42.8;42.5;42.67813141683778;1948;83137;25/03/2025;42.8
25/03/2025;42.8;42.8;42.8;41.71;42.10094144289874;3091;130134.01;24/03/2025;41.71
24/03/2025;41.71;41.71;41.71;41.71;41.759728506787326;442;18457.8;20/03/2025;43
21/03/2025;;;;;41;9;369;20/03/2025;43
20/03/2025;42.09;43;43;42;42.42799716015246;13381;567729.03;19/03/2025;42.1
19/03/2025;42.8;42.1;42.8;42.1;42.12568807339449;1199;50508.7;18/03/2025;40.5
18/03/2025;40.5;40.5;40.5;40.5;40.5;256;10368;17/03/2025;40.5
17/03/2025;40.2;40.5;40.5;40.2;40.49764002987304;20085;813395.1;14/03/2025;40
14/03/2025;40;40;40;40;40;921;36840;13/03/2025;40
13/03/2025;40;40;40;39.6;39.78381069958848;2430;96674.66;12/03/2025;40
12/03/2025;40;40;40;40;40;101;4040;11/03/2025;40
11/03/2025;40;40;40;40;39.99597315436241;149;5959.4;10/03/2025;40
10/03/2025;40;40;40;40;40.06277777777778;180;7211.3;06/03/2025;40.5
07/03/2025;;;;;40.695;50;2034.75;06/03/2025;40.5
06/03/2025;40.5;40.5;40.5;40.5;40.50116472545757;601;24341.2;05/03/2025;41
05/03/2025;41.2;41;41.2;40.6;40.88833680088116;8171;334098.6;04/03/2025;40.6
04/03/2025;40.8;40.6;40.8;40.6;40.7699716713881;706;28783.6;03/03/2025;41.2
03/03/2025;41;41.2;41.2;40.9;41.180980972828905;13507;556231.51;28/02/2025;40.45
28/02/2025;40;40.45;40.45;40;40.268216318785576;527;21221.35;27/02/2025;40.01
27/02/2025;40.5;40.01;40.5;40;40.081679427264596;10057;403101.45;26/02/2025;41
26/02/2025;41.2;41;41.2;41;41.064556962025314;632;25952.8;24/02/2025;40.8
25/02/2025;;;;;40.5;12;486;24/02/2025;40.8
24/02/2025;40.9;40.8;40.9;40.6;40.79749642346209;2796;114069.8;21/02/2025;40.9
21/02/2025;40.9;40.9;40.9;40.9;40.9;118;4826.2;20/02/2025;40
20/02/2025;40;40;40;40;40.10754716981132;530;21257;19/02/2025;40
19/02/2025;40;40;40;40;40.046042003231015;619;24788.5;18/02/2025;40
18/02/2025;40;40;40;40;40.00059206631143;8445;337805;17/02/2025;40
17/02/2025;40;40;40;40;40.00389863547758;513;20522;14/02/2025;40
14/02/2025;40;40;41.2;40;40.01452164680901;8477;339203.1;13/02/2025;40
13/02/2025;40.4;40;40.4;40;40.01662928300719;12929;517375;12/02/2025;40.2
12/02/2025;40.2;40.2;40.2;40.2;40.2;1500;60300;10/02/2025;40.4
11/02/2025;;;;;40.4;12;484.8;10/02/2025;40.4
10/02/2025;40.4;40.4;40.4;40.4;40.399300699300696;1001;40439.7;07/02/2025;40.4
07/02/2025;40.5;40.4;40.5;40.4;40.43561643835616;146;5903.6;06/02/2025;39.85
06/02/2025;39.85;39.85;39.85;39.85;39.85239898989899;1584;63126.2;05/02/2025;39.8
05/02/2025;39.7;39.8;39.8;39.5;39.742254725045115;10529;418446.2;04/02/2025;39.7
04/02/2025;39.55;39.7;39.7;39.55;39.59477257298031;1473;58323.1;31/01/2025;39.7
03/02/2025;;;;;39.7375;8;317.9;31/01/2025;39.7
31/01/2025;39.51;39.7;40;39.51;39.62939278694129;23402;927407.05;30/01/2025;40
30/01/2025;39.9;40;40;39.9;39.99975017487758;10007;400277.5;29/01/2025;40.5
29/01/2025;40.5;40.5;40.5;40.5;40.372549019607845;561;22649;28/01/2025;40
28/01/2025;40;40;40;40;40.16304347826087;92;3695;27/01/2025;39.5
27/01/2025;39.7;39.5;39.7;39.5;39.545812807881774;203;8027.8;24/01/2025;39.9
24/01/2025;40;39.9;40;39.9;39.91984455958549;1930;77045.3;23/01/2025;40
23/01/2025;40.4;40;40.4;40;40.084653465346534;202;8097.1;22/01/2025;40.5
22/01/2025;40.5;40.5;40.5;40.5;40.50894308943089;861;34878.2;21/01/2025;40.5
21/01/2025;40.5;40.5;41;40.5;40.52224694104561;899;36429.5;20/01/2025;40.5
20/01/2025;40.5;40.5;41.2;40.5;40.588862559241704;844;34257;17/01/2025;40.5
17/01/2025;40.5;40.5;40.5;40.5;40.5;3207;129883.5;15/01/2025;41.2
16/01/2025;;;;;41.2;5;206;15/01/2025;41.2
15/01/2025;41.2;41.2;41.2;41.2;41.2;11255;463706;14/01/2025;41.2
14/01/2025;42;41.2;43.5;41.2;41.35885057471264;6525;269866.5;13/01/2025;41.5
13/01/2025;41.5;41.5;41.5;41.5;41.50348432055749;287;11911.5;10/01/2025;42
10/01/2025;42;42;42;42;42.002864583333334;1920;80645.5;09/01/2025;41.5
09/01/2025;41.5;41.5;41.5;41.5;41.50018518518519;216;8964.04;08/01/2025;41.5
08/01/2025;41.5;41.5;41.5;41.5;41.57142857142857;112;4656;06/01/2025;42
07/01/2025;;;;;40.53;1;40.53;06/01/2025;42
06/01/2025;42;42;42;42;41.99859327217125;1635;68667.7;03/01/2025;42
03/01/2025;40.2;42;42;40.2;40.44457978075518;821;33205;02/01/2025;40.3
02/01/2025;40.7;40.3;40.7;40.3;40.52716101694915;708;28693.23;31/12/2024;40.7
01/01/2025;;;;;;;;;40.7
31/12/2024;40.7;40.7;40.7;40.7;40.7;90;3663;27/12/2024;40.7
30/12/2024;;;;;41.6;15;624;27/12/2024;40.7
27/12/2024;40.9;40.7;40.9;40.7;40.73383685800604;662;26965.8;26/12/2024;41.07
26/12/2024;41.07;41.07;41.07;41.07;41.0581914893617;470;19297.35;24/12/2024;40.7
24/12/2024;40.7;40.7;40.7;40.7;40.702448979591836;735;29916.3;23/12/2024;41
23/12/2024;41;41;41.05;41;41.01771165426851;2823;115793;20/12/2024;41.01
20/12/2024;41.1;41.01;41.1;41.01;41.02334111773232;12418;509427.85;19/12/2024;41.1
19/12/2024;41.1;41.1;41.5;41.1;41.10673120681809;24171;993590.8;18/12/2024;41.1
18/12/2024;41.5;41.1;41.5;41;41.10109695038689;4394;180598.22;17/12/2024;40.7
17/12/2024;40.65;40.7;40.7;40.65;40.703610744165566;2271;92437.9;16/12/2024;40.5
16/12/2024;40.5;40.5;40.5;40.5;40.50105222362174;10321;418011.36;13/12/2024;41.3
13/12/2024;41.3;41.3;41.3;41.3;41.215152439024386;328;13518.57;11/12/2024;40.1
12/12/2024;;;;;;;;11/12/2024;40.1
11/12/2024;40.15;40.1;40.15;40.1;40.13704600484261;413;16576.6;10/12/2024;40.1
10/12/2024;40.1;40.1;40.1;40.1;40.10520438456268;4379;175620.69;06/12/2024;40
06/12/2024;40;40;40;40;40.00752757949383;3082;123303.2;05/12/2024;40
05/12/2024;40;40;40;40;40.007754551584625;1483;59331.5;04/12/2024;40
04/12/2024;40;40;40;39.7;39.95188118811881;202;8070.28;03/12/2024;40.01
03/12/2024;41;40.01;41;40.01;40.19182958775679;7253;291511.34;02/12/2024;40.6
02/12/2024;40.8;40.6;40.8;40.6;40.750084226646244;3918;159658.83;29/11/2024;40.8
29/11/2024;40.7;40.8;40.8;40.7;40.7180615473109;3477;141576.7;28/11/2024;40.61
28/11/2024;42;41.75;42;41.75;41.81268292682927;615;25714.8;27/11/2024;41.7
27/11/2024;41.7;41.7;41.7;41.7;41.7;1670;69639;26/11/2024;41.7
26/11/2024;41.9;41.7;41.9;41.7;41.81834402566159;4988;208589.9;25/11/2024;41.9
25/11/2024;41.9;41.9;41.9;41.6;41.82491166077739;566;23672.9;22/11/2024;41.6
22/11/2024;41.9;41.6;41.9;41.6;41.8902421307506;12390;519020.1;21/11/2024;41.9
21/11/2024;41.6;41.9;41.9;41.6;41.85137644745466;4577;191553.75;20/11/2024;41.5
20/11/2024;41.49;41.5;41.5;41.4;41.449575688073395;872;36144.03;19/11/2024;41.26
19/11/2024;41.01;41.26;41.26;41;41.03061609388097;4772;195798.1;18/11/2024;41
18/11/2024;40.7;41;41.02;40.7;40.99078751857355;673;27586.8;15/11/2024;40.7
15/11/2024;41.5;40.7;41.5;40.7;41.404118738404456;2695;111584.1;14/11/2024;40.67
14/11/2024;41.6;40.67;41.6;40.67;41.198924621056946;4882;201133.15;13/11/2024;41.5
13/11/2024;41.5;41.5;41.5;41.5;41.51197604790419;167;6932.5;12/11/2024;41.6
12/11/2024;41.6;41.6;41.6;41.6;41.6;5975;248560;11/11/2024;41.6
11/11/2024;41.5;41.6;41.7;41.5;41.52839313572543;641;26619.7;08/11/2024;41.9
08/11/2024;41.9;41.9;41.9;41.9;41.90032083633742;2774;116231.49;07/11/2024;41.9
07/11/2024;41.95;41.9;41.95;41.9;41.90051299589604;5848;245034.2;05/11/2024;41.95
06/11/2024;;;;;41.25130434782609;138;5692.68;05/11/2024;41.95
05/11/2024;41.95;41.95;41.95;41.95;41.95;950;39852.5;04/11/2024;41.95
04/11/2024;41.5;41.95;41.95;41.5;41.626575735821966;8358;347914.92;31/10/2024;41.5
31/10/2024;41.5;41.5;42;41.5;41.658216962524655;2535;105603.58;30/10/2024;41.99
30/10/2024;41.95;41.99;42;41.95;41.970666666666666;2850;119616.4;29/10/2024;42
29/10/2024;42.05;42;42.05;42;42.00113063782721;8137;341763.2;28/10/2024;42.05
28/10/2024;42.05;42.05;42.06;42.05;42.05405821723865;8829;371295.28;25/10/2024;42
25/10/2024;42;42;42.05;42;42.000832283606265;11114;466797.25;24/10/2024;42
24/10/2024;41.5;42;42;41.5;41.56318560772269;2279;94722.5;23/10/2024;41.6
23/10/2024;41.8;41.6;41.8;41.6;41.68466170740347;2823;117675.8;22/10/2024;41.6
22/10/2024;41.5;41.6;41.6;41.5;41.54214808787633;2458;102110.6;21/10/2024;41.3
21/10/2024;41.01;41.3;41.3;41.01;41.29050524934384;3048;125853.46;18/10/2024;41.01
18/10/2024;41;41.01;41.01;41;41.001354784081286;4724;193690.4;17/10/2024;41
17/10/2024;41;41;41;41;41.00298606502986;1507;61791.5;16/10/2024;41
16/10/2024;41;41;41;41;41.00700137551582;727;29812.09;15/10/2024;41
15/10/2024;40.8;41;41;40.8;40.89972615244181;2191;89611.3;14/10/2024;40.99
14/10/2024;41;40.99;41;40.99;40.995217391304344;161;6600.23;11/10/2024;40.9
11/10/2024;40.6;40.9;40.9;40.6;40.66535496183206;5240;213086.46;10/10/2024;40.65
10/10/2024;40.65;40.65;40.65;40.65;40.669158878504675;107;4351.6;09/10/2024;40.75
09/10/2024;40.1;40.75;40.75;40;40.504239222316144;2366;95833.03;07/10/2024;40.25
07/10/2024;39.91;40.25;40.25;39.91;40.153019566367;9455;379646.8;04/10/2024;39.9
04/10/2024;40;39.9;40;39.9;39.91778501628665;8596;343133.28;03/10/2024;39.8
03/10/2024;39.8;39.8;39.81;39.8;39.814439655172414;1624;64658.65;02/10/2024;39.95
02/10/2024;39.95;39.95;40;39.95;39.95792924037461;2883;115198.71;01/10/2024;39.95
01/10/2024;39.99;39.95;39.99;39.9;39.93461396208969;2163;86378.57;30/09/2024;39.9
30/09/2024;39.9;39.9;39.9;39.9;39.900092055915444;8799;351080.91;27/09/2024;39.7
27/09/2024;39.8;39.7;39.8;39.7;39.74790026246719;3048;121151.6;26/09/2024;39.9
26/09/2024;39.5;39.9;39.9;39.5;39.59093767867353;1749;69244.55;25/09/2024;39.01
25/09/2024;39;39.01;39.01;39;39.00242486338798;1464;57099.55;24/09/2024;39
24/09/2024;38.5;39;39;38.5;38.88609993060374;14410;560348.7;23/09/2024;38.5
23/09/2024;38.5;38.5;38.5;38.5;38.5;800;30800;20/09/2024;38.3
20/09/2024;38.2;38.3;38.5;38.2;38.31281177103894;5573;213517.3;19/09/2024;38.2
19/09/2024;38.2;38.2;38.2;38.2;38.19736842105263;304;11612;18/09/2024;38
18/09/2024;38;38;38;38;38.000261007118375;7586;288269.98;17/09/2024;38
17/09/2024;38.05;38;38.05;38;38.00508890830519;42347;1609401.5;16/09/2024;37.99
16/09/2024;38;37.99;38;37.99;37.990598870056495;885;33621.68;13/09/2024;37.99
13/09/2024;37.6;37.99;37.99;37.6;37.971941747572814;1339;50844.43;12/09/2024;38
12/09/2024;37.6;38;38;37.5;37.69991884434345;6161;232269.2;11/09/2024;37.6
11/09/2024;37.5;37.6;37.8;37.5;37.601652748782186;5748;216134.3;10/09/2024;37.5
10/09/2024;38;37.5;38;37.5;37.895955451348186;1706;64650.5;09/09/2024;38
09/09/2024;37.1;38;38;37.1;37.79134615384615;1976;74675.7;06/09/2024;37.01
06/09/2024;37;37.01;37.01;37;37.00326530612245;2205;81592.2;05/09/2024;37.5
05/09/2024;38.05;37.5;38.05;37;37.52573126444371;3029;113665.44;04/09/2024;38.5
04/09/2024;38;38.5;38.5;38;38.02579852579853;2035;77382.5;03/09/2024;38
03/09/2024;38.65;38;38.7;38;38.108746883611076;7621;290426.76;02/09/2024;39
02/09/2024;39.84;39;39.91;38.55;39.312619579794365;2237;87942.33;29/08/2024;39.92
29/08/2024;39.92;39.92;39.92;39.92;39.884313725490195;102;4068.2;28/08/2024;39.44
28/08/2024;39;39.44;39.44;39;39.43994609224163;5323909;209974683.96;27/08/2024;38.1
27/08/2024;38.5;38.1;38.5;38.1;38.19485530546624;622;23757.2;26/08/2024;38.5
26/08/2024;39;38.5;39;38.5;38.52140309155767;841;32396.5;23/08/2024;39
23/08/2024;39;39;39;39;39;5063;197457;22/08/2024;39
22/08/2024;39;39;39;39;38.99429790535299;1289;50263.65;20/08/2024;39
21/08/2024;;;;;38.51;30;1155.3;20/08/2024;39
20/08/2024;39.55;39;40;39;39.37875056066335;586359;23090084.8;19/08/2024;40
19/08/2024;39;40;40;39;39.48700943721947;69512;2744821;16/08/2024;39.5
16/08/2024;39.2;39.5;39.5;39.2;39.2015620336285;50255;1970074.5;15/08/2024;40
15/08/2024;40;40;40;40;40;35;1400;14/08/2024;38.5
14/08/2024;38.5;38.5;38.5;38.5;38.50119280906535;11737;451888.5;13/08/2024;38.5
13/08/2024;38.64;38.5;38.7;38.5;38.6387790110999;9910;382910.3;12/08/2024;38.64
12/08/2024;39;39.5;39.7;39;39.031169746320074;12772;498506.1;09/08/2024;39
09/08/2024;39;39;39;38.95;39.00174162679426;10450;407568.2;08/08/2024;39
08/08/2024;39;39;39;39;38.98181818181818;924;36019.2;07/08/2024;38.7
07/08/2024;39.4;38.7;39.4;38.7;38.857645172782334;2807;109073.41;05/08/2024;38.6
05/08/2024;39.4;38.6;39.4;38.5;38.83718269574544;5594;217255.2;02/08/2024;39.3
02/08/2024;39.6;39.3;39.7;39.3;39.50534471329135;12068;476750.5;01/08/2024;39.7
01/08/2024;39.8;39.7;39.8;39.7;39.77600350954157;22795;906694;31/07/2024;40.2
31/07/2024;40.2;40.2;40.2;40.2;40.204016064257026;2241;90097.2;30/07/2024;40.2
30/07/2024;40.2;40.2;40.2;40.2;40.199999999999996;132;5306.4;26/07/2024;40.2
26/07/2024;40.5;40.2;40.9;40.2;40.595183795948984;2666;108226.76;25/07/2024;40.89
25/07/2024;40;40.89;40.9;40;40.302131874095515;44224;1782321.48;24/07/2024;39.51
24/07/2024;39.51;39.51;40.02;39.51;39.87291734860884;2444;97449.41;22/07/2024;39.2
22/07/2024;39.2;39.2;39.2;39.2;39.199999999999996;157;6154.4;19/07/2024;39.2
19/07/2024;39.5;39.2;39.5;39.2;39.474379084967325;3060;120791.6;18/07/2024;39.5
18/07/2024;39.51;39.5;39.51;39.5;39.51509985387238;2053;81124.5;17/07/2024;39.8
17/07/2024;40.1;39.8;40.49;39.65;39.712072;3750;148920.27;16/07/2024;40.5
16/07/2024;40.5;40.5;40.5;40.5;40.49889779559118;499;20208.95;15/07/2024;40.1
15/07/2024;40.1;40.1;40.1;40.1;40.082608695652176;161;6453.3;12/07/2024;40.5
12/07/2024;40.5;40.5;40.9;40.5;40.502236893203886;12875;521466.3;11/07/2024;40.5
11/07/2024;39.8;40.5;40.5;39.8;40.42306681235846;63147;2552595.4;10/07/2024;39.8
10/07/2024;39.8;39.8;39.9;39.8;39.80200812274368;4432;176402.5;09/07/2024;39.8
09/07/2024;39.65;39.8;39.8;39.65;39.76818208940974;83794;3332335.05;08/07/2024;39.65
08/07/2024;39.65;39.65;39.65;39.65;39.68975409836065;122;4842.15;05/07/2024;39.65
05/07/2024;39.5;39.65;40;39.5;39.61021671826626;323;12794.1;04/07/2024;40
04/07/2024;40;40;40;39.6;39.75338645418327;502;19956.2;03/07/2024;39.6
03/07/2024;40;39.6;40;39.6;39.600513445406015;60318;2388623.77;02/07/2024;39.4
02/07/2024;39.5;39.4;39.7;39.4;39.487703804347824;23552;930014.4;01/07/2024;39.5
01/07/2024;39.5;39.5;39.5;39.5;39.52631921824104;307;12134.58;28/06/2024;39.6
28/06/2024;39.7;39.6;39.7;39.6;39.66518391787852;3507;139105.8;27/06/2024;39.2
27/06/2024;39.3;39.2;39.5;39.2;39.495695830886675;51090;2017835.1;26/06/2024;39.6
26/06/2024;39.1;39.6;39.6;39.1;39.152021563342316;1855;72627;25/06/2024;39.1
25/06/2024;39.15;39.1;39.5;39.1;39.43028349196602;9771;385273.3;24/06/2024;39.6
24/06/2024;39.6;39.6;39.6;39.6;39.6026977314531;1631;64592;21/06/2024;39.6
21/06/2024;39.8;39.6;39.8;39.6;39.67388778690847;14116;560036.6;20/06/2024;40
20/06/2024;39.75;40;40;39.75;39.99365297851189;13077;522997;19/06/2024;39.75
19/06/2024;40;39.75;40;39.2;39.70298433731439;34413;1366298.8;18/06/2024;39.7
18/06/2024;39.5;39.7;39.7;39.2;39.68784825247582;51902;2059878.7;17/06/2024;39.2
17/06/2024;39.5;39.2;39.5;39;39.26247861158641;4091;160622.8;14/06/2024;39.5
14/06/2024;39.65;39.5;39.66;39.5;39.56966727646924;8746;346076.31;13/06/2024;39.65
13/06/2024;39.55;39.65;39.7;39.5;39.69423936888289;23704;940912.25;12/06/2024;39.55
12/06/2024;39.6;39.55;39.65;39.55;39.61485978112175;2924;115833.85;11/06/2024;39.6
11/06/2024;39.51;39.6;39.79;39.4;39.538990648505795;29514;1166953.77;10/06/2024;39.75
10/06/2024;39.8;39.75;39.8;39.7;39.76240518331226;3164;125808.25;06/06/2024;39.75
06/06/2024;39.9;39.75;40;39.5;39.86751627395251;10907;434835;05/06/2024;39
05/06/2024;39;39;39.59;39;39.01101885804086;3818;148944.07;04/06/2024;38.31
04/06/2024;39.55;38.31;39.55;38.31;38.59701595515308;2319;89506.48;03/06/2024;39.8
03/06/2024;40.5;39.8;40.5;39.8;40.188388814913445;3755;150907.4;31/05/2024;40.5
31/05/2024;41.15;40.5;41.15;40.25;40.5343975392448;14142;573237.45;30/05/2024;41
30/05/2024;41.75;41;41.75;41;41.256608148393504;3019;124553.7;29/05/2024;41.75
29/05/2024;41.75;41.75;41.75;41.75;41.75;200;8350;28/05/2024;41.69
28/05/2024;41.75;41.69;41.75;41;41.68210941017559;4442;185151.93;27/05/2024;41.61
27/05/2024;42;41.61;42;41.51;41.828830260648445;3146;131593.5;24/05/2024;41.5
24/05/2024;41.5;41.5;41.7;41.5;41.57385996409336;12254;509446.08;23/05/2024;41.5
23/05/2024;41.9;41.5;41.9;41.5;41.83249918241873;15289;639577.08;22/05/2024;41.9
22/05/2024;42;41.9;42.01;41.8;41.95688448436049;16145;677393.9;21/05/2024;42.53
21/05/2024;42.03;42.53;42.99;42.02;42.35344074567244;3755;159037.17;20/05/2024;42
20/05/2024;41.2;42;42.4;41.2;41.87174798309643;5206;217984.32;17/05/2024;42.2
17/05/2024;41.9;42.2;42.2;41.9;42.010994880925885;4493;188755.4;16/05/2024;41.91
16/05/2024;42;41.91;42;41.91;41.927265917602995;534;22389.16;15/05/2024;42
15/05/2024;42;42;42.1;41.9;41.99995556287031;6076;255191.73;14/05/2024;42
14/05/2024;40.8;42;42.7;40.8;41.61039240234654;27956;1163260.13;13/05/2024;40.6
13/05/2024;40;40.6;40.6;40;40.32137011924246;4277;172454.5;10/05/2024;40.01
10/05/2024;40;40.01;40.01;39.95;39.98983989527741;29793;1191417.3;09/05/2024;40
09/05/2024;38.75;40;40.01;38.01;39.06637221377913;15792;616936.15;08/05/2024;38
08/05/2024;38;38;38;38;38;1130;42940;07/05/2024;38.02
07/05/2024;39;38.02;39;38.02;38.73564975845411;8280;320731.18;06/05/2024;39.02
06/05/2024;40;39.02;40;39;39.95580965447522;27697;1106656.06;03/05/2024;39
03/05/2024;38.29;39;39.5;38.15;38.62039360827165;8511;328698.17;02/05/2024;38.29
02/05/2024;37.89;38.29;38.29;37.89;38.00112624947127;44919;1706972.59;30/04/2024;37.89
30/04/2024;38.5;37.89;38.5;37.89;38.29120251177394;3185;121957.48;29/04/2024;38.02
29/04/2024;38.15;38.02;38.15;38.01;38.038548476454295;1805;68659.58;26/04/2024;38.15
26/04/2024;38.45;38.15;38.5;38;38.31469331222794;7581;290463.69;25/04/2024;38.44
25/04/2024;38.2;38.44;38.44;38;38.20931539468984;16798;641840.08;24/04/2024;38
24/04/2024;38.1;38;38.45;38;38.00068846401512;166167;6314460.4;23/04/2024;38
23/04/2024;38;38;38;38;38.00000835494094;34710;1318980.29;22/04/2024;38
22/04/2024;37;38;38.8;37;37.84607030225718;56442;2136107.9;19/04/2024;37
19/04/2024;37;37;37.01;36.39;36.84889457908249;74397;2741447.21;18/04/2024;36
18/04/2024;36;36;36.25;36;36.014962431427605;38463;1385243.5;17/04/2024;35.5
17/04/2024;34.85;35.5;35.5;34.85;34.93344788295332;82497;2881904.65;16/04/2024;34.01
16/04/2024;34.65;34.01;34.75;34.01;34.47875958188153;1435;49477.02;15/04/2024;34.5
15/04/2024;35;34.5;35;34.5;34.971040449180705;17454;610384.54;12/04/2024;34.47
12/04/2024;37;34.9;37.3;34.85;35.3956586616927;21445;759059.9;11/04/2024;36
11/04/2024;35.7;36;36;35.7;35.973703797148985;7927;285163.55;10/04/2024;35.7
10/04/2024;34;35.7;36;34;35.21047490055397;40977;1442819.63;09/04/2024;33.05
09/04/2024;32.25;33.05;33.05;32;32.1441133466712;158946;5109178.24;08/04/2024;32.2
08/04/2024;33.5;32.2;33.5;32.2;32.50629628836851;140154;4555887.45;05/04/2024;33.49
05/04/2024;37;33.49;37;33;33.953465656056856;250146;8493323.62;04/04/2024;38
04/04/2024;39;38;39;38;38.54020240213523;8992;346553.5;03/04/2024;38.8
03/04/2024;39.3;38.8;39.3;38.7;38.861663136568744;10859;421998.8;02/04/2024;38.52
02/04/2024;39.15;38.52;39.15;38.52;38.576056851311954;1372;52926.35;01/04/2024;39.2
01/04/2024;39.9;39.2;39.9;39.2;39.29855072463768;1380;54232;27/03/2024;39.3
27/03/2024;40;39.3;40.2;39.3;39.55578465063001;1746;69064.4;26/03/2024;39.6
26/03/2024;40.5;39.6;41.4;39.6;40.28164835164836;1820;73312.6;25/03/2024;41.4
25/03/2024;41.4;41.4;41.4;41.3;41.395169082125605;1449;59981.6;22/03/2024;41.4
22/03/2024;41.48;41.4;41.5;41.4;41.46349595027312;5309;220129.7;21/03/2024;41
21/03/2024;41.9;41;41.9;40.8;41.2120393811533;3555;146508.8;20/03/2024;40.95
20/03/2024;40.8;40.95;41;40.8;40.98345239214212;42556;1744091.8;19/03/2024;41
19/03/2024;41;41;41.5;41;41.00125128809068;47551;1949650.5;18/03/2024;41
18/03/2024;41.99;41;41.99;40.3;40.97620009131957;98555;4038409.4;15/03/2024;41.5
15/03/2024;40.3;41.5;41.5;39.16;40.52893520794415;10171;412219.8;14/03/2024;40.3
14/03/2024;40.2;40.3;40.3;40.19;40.22959096612296;3985;160314.92;13/03/2024;40.3
13/03/2024;40;40.3;42;40;40.73356378600823;8505;346438.96;12/03/2024;39.6
12/03/2024;39.6;39.6;39.6;39.6;39.625352112676055;142;5626.8;11/03/2024;40
11/03/2024;39.6;40;40;39.6;39.78234142521535;1277;50802.05;08/03/2024;39.53
08/03/2024;39.8;39.53;39.8;39.5;39.547023959646914;3172;125443.16;07/03/2024;39.98
07/03/2024;39.4;39.98;39.98;39.15;39.47253766851705;1261;49774.87;06/03/2024;39.15
06/03/2024;39;39.15;39.15;39;39.14798739088264;6186;242169.45;05/03/2024;39.15
05/03/2024;39.15;39.15;39.15;39.15;39.150741350906095;13354;522819;04/03/2024;39
04/03/2024;39.05;39;39.05;39;39.00723721998852;3482;135823.2;01/03/2024;39.01
01/03/2024;39.01;39.01;39.01;39.01;39.01183063511831;1606;62653;29/02/2024;39.01
29/02/2024;39;39.01;39.01;39;39.00866011612327;2239;87340.39;28/02/2024;39
28/02/2024;39;39;39;39;39;1450;56550;27/02/2024;39
27/02/2024;39;39;39;39;38.99227799227799;259;10099;26/02/2024;39
26/02/2024;38.7;39;39;38.7;38.92123629112662;1003;39038;23/02/2024;38.7
23/02/2024;38.7;38.7;38.7;38.7;38.699999999999996;112;4334.4;22/02/2024;38.7
22/02/2024;38.7;38.7;38.7;38.7;38.7;130;5031;20/02/2024;38.7
21/02/2024;;;;;38.7;25;967.5;20/02/2024;38.7
20/02/2024;38.71;38.7;38.71;38.7;38.70716857610475;2444;94600.32;19/02/2024;38.7
19/02/2024;38.7;38.7;38.7;38.7;38.70153354632588;1565;60567.9;16/02/2024;38.7
16/02/2024;39;38.7;39;38.7;38.91748071979434;389;15138.9;15/02/2024;39
15/02/2024;39;39;39;39;39.049549549549546;111;4334.5;14/02/2024;39
14/02/2024;39;39;39;39;39;80;3120;13/02/2024;38.65
13/02/2024;38.55;38.65;38.75;38.5;38.58335499316005;2924;112817.73;12/02/2024;38.55
12/02/2024;38.55;38.55;38.55;38.55;38.55265486725664;1017;39208.05;09/02/2024;39
09/02/2024;39;39;39;39;39.29602272727273;176;6916.1;08/02/2024;39.8
08/02/2024;39.8;39.8;39.8;39.8;39.814046822742476;299;11904.4;07/02/2024;39
07/02/2024;38.6;39;39;38.6;38.665693030540325;1277;49376.09;06/02/2024;38.51
06/02/2024;39;38.51;39;38.51;38.698027628549504;1303;50423.53;05/02/2024;38.5
05/02/2024;38;38.5;38.5;38;38.07257006559332;21801;830020.1;02/02/2024;38
02/02/2024;39;38;39;38;38.94291710388247;953;37112.6;01/02/2024;39.5
01/02/2024;40.15;39.5;40.15;39.5;40.069984686064316;1306;52331.4;31/01/2024;40.7
31/01/2024;40.7;40.7;40.7;40.7;40.04615384615385;65;2603;30/01/2024;40.9
30/01/2024;40.1;40.9;40.9;40;40.47536175556087;33448;1353819.9;29/01/2024;40.5
29/01/2024;41;40.5;41;40.5;40.756937642833826;3063;124838.5;26/01/2024;40
26/01/2024;40;40;40;40;40;6008;240320;25/01/2024;40
25/01/2024;40;40;40;39.9;39.95556963027472;12631;504678.8;24/01/2024;40.01
24/01/2024;40.25;40.01;40.25;40.01;40.144297586312256;16365;656961.43;23/01/2024;40.35
23/01/2024;40;40.35;40.5;40;40.380304543185225;2003;80881.75;22/01/2024;40
22/01/2024;40;40;40;40;39.99773922187172;11412;456454.2;19/01/2024;40.5
19/01/2024;39.45;40.5;40.5;39.4;39.99347865168539;44500;1779709.8;18/01/2024;39.5
18/01/2024;39.9;39.5;39.9;39.5;39.58287470126323;2929;115938.24;17/01/2024;39.8
17/01/2024;39.49;39.8;39.8;39.49;39.54985849056604;9116;360536.51;16/01/2024;39.5
16/01/2024;39.06;39.5;39.5;39.06;39.485766911491524;34991;1381646.47;15/01/2024;39.1
15/01/2024;39;39.1;39.1;39;39.066395348837204;1720;67194.2;12/01/2024;39.03
12/01/2024;39;39.03;39.03;39;39.01758835758836;6734;262744.44;11/01/2024;39
11/01/2024;39;39;39;39;38.99981488337653;2701;105338.5;10/01/2024;39.5
10/01/2024;37.2;39.5;39.5;37.2;39.09613451723281;104626;4090472.17;09/01/2024;37.15
09/01/2024;37;37.15;37.15;37;37.065197331061896;7044;261087.25;08/01/2024;37.01
08/01/2024;36.7;37.01;37.01;36.7;36.995055872042066;9128;337690.87;05/01/2024;36.5
05/01/2024;36.5;36.5;36.5;36.5;36.5;59;2153.5;04/01/2024;36.99
04/01/2024;36.6;36.99;36.99;36.6;36.628906638267665;2817;103183.63;03/01/2024;36.6
03/01/2024;36.5;36.6;36.6;36.5;36.50892337073287;4189;152935.88;02/01/2024;36.5
02/01/2024;36.5;36.5;36.5;36.5;36.5;13441;490596.5;29/12/2023;36.5
29/12/2023;35.21;36.5;37.5;35.21;36.04030974046349;223090;8040232.7;28/12/2023;35.5
28/12/2023;36;35.5;36;35;35.57155718185514;17217;612435.5;27/12/2023;35.7
27/12/2023;36;35.7;36.1;35;35.596058207217695;4295;152885.07;26/12/2023;36.1
26/12/2023;35.1;36.1;36.1;35.05;35.66535384225851;7899;281720.63;22/12/2023;35
22/12/2023;34.4;35;35;34.4;34.61784399375975;9615;332850.57;21/12/2023;34.5
21/12/2023;34;34.5;34.5;34;34.25923488622593;29708;1017773.35;20/12/2023;34.1
20/12/2023;33.8;34.1;34.4;33.8;33.96980584056827;12670;430397.44;19/12/2023;33.79
19/12/2023;32.3;33.79;33.8;32.3;32.981826019567954;10323;340471.39;18/12/2023;32.05
18/12/2023;32;32.05;32.1;32;32.00868154158215;10846;347166.16;15/12/2023;32
15/12/2023;31.7;32;32.1;31.7;31.897078425294485;12904;411599.9;14/12/2023;31.3
14/12/2023;31;31.3;31.5;31;31.18589909772525;23607;736205.52;13/12/2023;30.5
13/12/2023;30.5;30.5;30.66;30.5;30.525726549086933;6407;195578.33;12/12/2023;30.5
12/12/2023;30.5;30.5;30.5;30.5;30.5;634;19337;11/12/2023;30.5
11/12/2023;30.6;30.5;30.66;30.2;30.37271186440678;7670;232958.7;07/12/2023;30.8
07/12/2023;31;30.8;31.97;30.8;31.361331673926575;6428;201590.64;06/12/2023;31
06/12/2023;30.7;31;31;30.7;30.722026022304835;1076;33056.9;05/12/2023;30.6
05/12/2023;30.6;30.6;30.77;30.5;30.61666153550125;5197;159114.79;04/12/2023;31.1
04/12/2023;31;31.1;31.1;30.9;31.071487603305783;6050;187982.5;01/12/2023;31.32
01/12/2023;31.25;31.32;31.32;31.25;31.30353080387816;13099;410044.95;30/11/2023;31.22
30/11/2023;31.8;31.22;32;31.22;31.71506657342657;35750;1133813.63;29/11/2023;32.5
29/11/2023;31.13;32.5;32.5;31.13;32.39655550596187;31366;1016150.36;28/11/2023;31.14
28/11/2023;31.5;31.85;31.85;31.5;31.562510530749787;1187;37464.7;27/11/2023;31.5
27/11/2023;31.5;31.5;31.5;31.5;31.477697841726616;139;4375.4;24/11/2023;31.2
24/11/2023;31.8;31.2;31.8;31.19;31.2658867877889;8091;252972.29;23/11/2023;31.8
23/11/2023;31.8;31.8;31.8;31.8;31.80015497869043;5162;164152.4;22/11/2023;31.8
22/11/2023;31.8;31.8;32;31.5;31.933019321148823;19150;611517.32;21/11/2023;31.75
21/11/2023;31.5;31.75;31.75;31.1;31.27938361408882;5224;163403.5;20/11/2023;31
20/11/2023;31;31;31;30.75;31.00055227331107;15572;482740.6;17/11/2023;30.5
17/11/2023;31.9;30.5;32;30.5;31.110112779612436;16049;499286.2;16/11/2023;31
16/11/2023;31;31;31;31;30.999955156950673;3345;103694.85;15/11/2023;31
15/11/2023;31.5;31;31.5;31;31.363354763296318;8555;268313.5;14/11/2023;31.1
14/11/2023;30.8;31.1;31.1;30.8;31.052559782608697;7360;228546.84;13/11/2023;30.45
13/11/2023;30.45;30.45;30.45;30.45;30.450159489633172;5016;152738;10/11/2023;30.5
10/11/2023;30.5;30.5;30.5;30.5;30.509560975609755;1025;31272.3;07/11/2023;30.5
09/11/2023;;;;;;;;07/11/2023;30.5
08/11/2023;;;;;;;;07/11/2023;30.5
07/11/2023;30.5;30.5;30.5;30.5;30.476404494382024;1335;40686;06/11/2023;30.5
06/11/2023;30.5;30.5;30.5;30.5;30.5;55;1677.5;03/11/2023;30.5
03/11/2023;30.1;30.5;30.5;30.1;30.113492759982446;4558;137257.3;02/11/2023;30.5
02/11/2023;30.8;30.5;30.8;30.5;30.721480466072652;1459;44822.64;31/10/2023;31
31/10/2023;30.8;31;31;30.7;30.92784324472458;25543;789989.9;30/10/2023;31
30/10/2023;30.5;31;31;30.5;30.973499546690846;7721;239146.39;27/10/2023;30.1
27/10/2023;30.25;30.1;30.25;30.1;30.107775074850302;10688;321791.9;26/10/2023;30.2
26/10/2023;30.2;30.2;30.5;30.2;30.201390907203653;14451;436440.3;25/10/2023;30.2
25/10/2023;30.9;30.2;30.9;30.2;30.62886426863195;20489;627554.8;24/10/2023;30.61
24/10/2023;30.98;30.61;30.98;30.61;30.943443113772457;1670;51675.55;23/10/2023;31
23/10/2023;31;31;31;31;30.999856495468276;1324;41043.81;20/10/2023;30.81
20/10/2023;30;30.81;30.81;30;30.20669601395222;47591;1437566.87;19/10/2023;30.3
19/10/2023;31;30.3;31.05;30;30.21831414824289;16419;496154.5;18/10/2023;30.45
18/10/2023;30;30.45;30.45;30;30.437315515316882;32252;981664.3;17/10/2023;30.45
17/10/2023;30.45;30.45;30.45;30.45;30.45;23128;704247.6;16/10/2023;30.45
16/10/2023;30.45;30.45;30.45;30.45;30.45;1325;40346.25;13/10/2023;29.15
13/10/2023;29.16;29.15;29.2;29.15;29.153102028815052;6802;198299.4;12/10/2023;29.16
12/10/2023;29.55;29.16;29.6;29.16;29.535065710872164;2511;74162.55;11/10/2023;29.55
11/10/2023;29.51;29.55;29.56;29.5;29.519806926751595;5024;148307.51;10/10/2023;29.7
10/10/2023;29.8;29.7;29.8;29.7;29.71031618102914;8065;239613.7;06/10/2023;29.8
09/10/2023;;;;;29.8;2;59.6;06/10/2023;29.8
06/10/2023;29.81;29.8;29.81;29.8;29.801141552511414;438;13052.9;05/10/2023;29.81
05/10/2023;29.8;29.81;29.81;29.25;29.395234274711168;3116;91595.55;04/10/2023;29.8
04/10/2023;30;29.8;30;29.8;29.816255829447034;1501;44754.2;03/10/2023;30
03/10/2023;30.01;30;30.01;30;30.000031759643022;62973;1889192;02/10/2023;30
02/10/2023;30;30;30.3;30;30.169429695181908;15255;460234.65;29/09/2023;30.5
29/09/2023;30.5;30.5;30.5;30.4;30.47619808306709;626;19078.1;28/09/2023;30.35
28/09/2023;30;30.35;30.35;30;30.25330846411114;3887;117594.61;27/09/2023;30
27/09/2023;30;30;30;29.8;29.959065934065933;1638;49072.95;26/09/2023;30.35
26/09/2023;30.35;30.35;30.35;30.35;30.35;4000;121400;25/09/2023;30.35
25/09/2023;30.35;30.35;30.35;30.35;30.349999999999998;3027;91869.45;21/09/2023;30.35
22/09/2023;;;;;29.8;11;327.8;21/09/2023;30.35
21/09/2023;30.15;30.35;30.35;30.15;30.2538733048486;5383;162856.6;20/09/2023;30.15
20/09/2023;30.15;30.15;30.15;30.15;30.150000000000002;157;4733.55;19/09/2023;30
19/09/2023;30;30;30;30;30;1010;30300;18/09/2023;30.15
18/09/2023;30.2;30.15;30.2;30.15;30.156299999999998;1500;45234.45;15/09/2023;30.2
15/09/2023;30.15;30.2;30.2;30.15;30.153075613457194;27019;814705.95;14/09/2023;31
14/09/2023;30.1;31;31;30.1;30.674863387978142;549;16840.5;13/09/2023;30
13/09/2023;31;30;31;30;30.742455138662315;4904;150761;12/09/2023;31
12/09/2023;30;31;31;30;30.95731059398576;37644;1165357;11/09/2023;30
11/09/2023;30;30;30;30;30.000046641791045;4288;128640.2;08/09/2023;29
08/09/2023;30.16;29;30.16;29;29.652103658536582;5248;155614.24;07/09/2023;30.16
07/09/2023;30.16;30.16;30.16;30.16;30.161641791044776;2278;68708.22;06/09/2023;30.7
06/09/2023;30.7;30.7;30.7;30.7;30.701446280991735;1936;59438;05/09/2023;30.51
05/09/2023;30.5;30.51;30.51;30.5;30.51110900473934;2110;64378.44;31/08/2023;31
04/09/2023;;;;;30.933333333333334;30;928;31/08/2023;31
01/09/2023;;;;;;;;31/08/2023;31
31/08/2023;30.75;31;31;30.6;30.85350639226692;6414;197894.39;29/08/2023;31
29/08/2023;31;31;31.2;31;31.026346568174827;3249;100804.6;28/08/2023;30.81
28/08/2023;30.81;30.81;30.81;30.81;30.83683870967742;310;9559.42;24/08/2023;31.2
25/08/2023;;;;;31.2;3;93.6;24/08/2023;31.2
24/08/2023;30.65;31.2;31.2;30.65;30.80498949579832;2856;87979.05;23/08/2023;30.61
23/08/2023;30.61;30.61;30.61;30.61;30.61;225;6887.25;21/08/2023;30.61
22/08/2023;;;;;;;;21/08/2023;30.61
21/08/2023;30.6;30.61;31.2;30.6;30.67887810559006;2576;79028.79;18/08/2023;30.51
18/08/2023;30.5;30.51;30.51;30.5;30.50782324771441;4594;140152.94;17/08/2023;30.55
17/08/2023;31;30.55;31;30.5;30.61488387307818;3057;93589.7;16/08/2023;30.5
16/08/2023;30.5;30.5;31;30.5;30.976636106969515;63046;1952953;15/08/2023;30.5
15/08/2023;31.97;30.5;31.98;30.5;31.841836400817993;2445;77853.29;14/08/2023;30.5
14/08/2023;31;30.5;31;30.5;30.667232658959534;2768;84886.9;11/08/2023;31.2
11/08/2023;31.2;31.2;31.2;30.5;30.923941123460498;3329;102945.8;10/08/2023;31.2
10/08/2023;31.2;31.2;31.4;31.2;31.231985601875103;5973;186548.65;08/08/2023;31.2
09/08/2023;;;;;;;;08/08/2023;31.2
08/08/2023;31.2;31.2;31.5;31.2;31.244413738649826;2533;79142.1;07/08/2023;31.5
07/08/2023;31.99;31.5;31.99;31.5;31.948903313973354;2927;93514.44;04/08/2023;31.5
04/08/2023;30.35;31.5;31.5;30.35;30.437766115456977;10099;307391;03/08/2023;30.35
03/08/2023;31;30.35;31;30.3;30.48991354466859;694;21160;02/08/2023;31
02/08/2023;31;31;31;31;31;195;6045;01/08/2023;31
01/08/2023;31;31;31;31;31.045454545454547;132;4098;31/07/2023;30.35
31/07/2023;30.1;30.35;30.35;30.1;30.223240938166313;469;14174.7;27/07/2023;29.9
27/07/2023;29.9;29.9;29.9;29.9;29.900645421540943;2479;74123.7;26/07/2023;29.9
26/07/2023;29.9;29.9;29.9;29.9;29.900524475524474;2288;68412.4;25/07/2023;29.5
25/07/2023;30;29.5;30;29.5;29.53018920422927;5391;159197.25;24/07/2023;30.01
24/07/2023;30.04;30.01;30.04;30;30.011028806584363;972;29170.72;21/07/2023;29.95
21/07/2023;30.3;29.95;30.3;29.95;30.2366902237927;849;25670.95;20/07/2023;29.59
20/07/2023;30.3;30.3;30.3;30;30.340827943078914;1546;46906.92;19/07/2023;31.55
19/07/2023;31.67;31.55;31.67;31.55;31.645935828877004;187;5917.79;17/07/2023;31.67
18/07/2023;;;;;31.746153846153845;39;1238.1;17/07/2023;31.67
17/07/2023;31.4;31.67;32;31.4;31.703773119605422;1622;51423.52;14/07/2023;31.2
14/07/2023;31.2;31.2;31.2;31.2;31.19771615008157;613;19124.2;13/07/2023;31.2
13/07/2023;32;31.2;33;31.2;31.667141990291263;4944;156562.35;12/07/2023;31.5
12/07/2023;31.5;31.5;31.5;31.4;31.486314049586777;1210;38098.44;11/07/2023;31
11/07/2023;31;31;31.5;30.9;31.005257510729614;3728;115587.6;10/07/2023;31
10/07/2023;31;31;31.25;31;31.092949241064144;6127;190506.5;07/07/2023;30.9
07/07/2023;30.01;30.9;30.9;30.01;30.66334940815432;2281;69943.1;06/07/2023;30
06/07/2023;30.74;30;30.74;30;30.02106949236077;4058;121825.5;05/07/2023;30
05/07/2023;30.05;30;30.05;30;30.00568482688391;3928;117862.33;04/07/2023;29.5
04/07/2023;28.9;29.5;29.5;28.9;29.36384851586489;977;28688.48;30/06/2023;28.75
03/07/2023;;;;;;;;30/06/2023;28.75
30/06/2023;28.26;28.75;29;28.25;28.61158746556474;5808;166176.1;28/06/2023;28.25
28/06/2023;28.26;28.25;28.26;28.25;28.252359800111048;1801;50882.5;27/06/2023;28.51
27/06/2023;28.5;28.51;28.51;28.06;28.160461368450136;10859;305794.45;26/06/2023;28.5
26/06/2023;28.5;28.5;28.5;28.5;28.491809523809525;1050;29916.4;23/06/2023;28.05
23/06/2023;28.5;28.05;28.5;28.05;28.27845477386935;796;22509.65;22/06/2023;28.7
22/06/2023;28.75;28.7;28.75;28.7;28.711871113623516;3538;101582.6;21/06/2023;28.03
21/06/2023;28.2;28.03;28.2;28.03;28.067159029649595;1855;52064.58;20/06/2023;29
20/06/2023;28.7;29;29;28;28.01434479508503;173999;4874467.98;16/06/2023;28.57
19/06/2023;;;;;29.5;35;1032.5;16/06/2023;28.57
16/06/2023;29.5;28.57;29.5;28.57;28.70001723713371;4061;116550.77;15/06/2023;29.1
15/06/2023;29.1;29.1;29.1;29.1;29.11422680412371;970;28240.8;14/06/2023;29.2
14/06/2023;29.21;29.2;29.21;29.2;29.201236180904523;995;29055.23;13/06/2023;29.2
13/06/2023;29.4;29.2;29.4;29.2;29.21041302509163;7094;207218.67;12/06/2023;29.2
12/06/2023;29.2;29.2;29.2;29.2;29.19481228668942;586;17108.16;09/06/2023;29.5
09/06/2023;29.3;29.5;29.5;29.3;29.40271816881259;1398;41105;08/06/2023;29.01
08/06/2023;29.01;29.01;29.01;29;29.003952879581153;764;22159.02;07/06/2023;29.01
07/06/2023;29;29.01;29.01;29;29.004011976047906;334;9687.34;06/06/2023;29
06/06/2023;29.2;29;29.2;29;29.006904663069047;7227;209632.9;05/06/2023;29.3
05/06/2023;29.3;29.3;29.3;29.3;29.3;1041;30501.3;02/06/2023;29.3
02/06/2023;29.39;29.3;29.4;29.3;29.312099056603774;424;12428.33;31/05/2023;29.5
01/06/2023;;;;;;;;31/05/2023;29.5
31/05/2023;29;29.5;29.5;28.5;29.322591289045313;4546;133300.5;30/05/2023;29
30/05/2023;29;29;29;29;29;611;17719;29/05/2023;28.25
29/05/2023;28.2;28.25;28.25;28.2;28.368266666666667;225;6382.86;26/05/2023;28.99
26/05/2023;28.21;28.99;29;28.21;28.233052922116883;8333;235266.03;25/05/2023;28.15
25/05/2023;29.25;28.15;29.25;28.15;28.673702127659574;3525;101074.8;24/05/2023;29.79
24/05/2023;29.79;29.79;29.79;29.79;29.77377049180328;61;1816.2;23/05/2023;29.7
23/05/2023;29.7;29.7;29.7;29.7;29.7;399;11850.3;22/05/2023;29.7
22/05/2023;29.99;29.7;29.99;29.22;29.697599243856335;529;15710.03;19/05/2023;30.5
19/05/2023;30;30.5;30.5;30;30.454799791991682;38460;1171291.6;18/05/2023;30
18/05/2023;30;30;30;30;30;74145;2224350;17/05/2023;30
17/05/2023;30;30;30;30;29.99866666666667;300;8999.6;16/05/2023;29.1
16/05/2023;29.1;29.1;29.1;29.1;29.123026004728136;1269;36957.12;12/05/2023;29.1
15/05/2023;;;;;29.1;35;1018.5;12/05/2023;29.1
12/05/2023;29.15;29.1;29.15;29;29.08481087470449;846;24605.75;11/05/2023;29
11/05/2023;29;29;29;29;29.010526315789473;190;5512;10/05/2023;29.31
10/05/2023;29.9;29.31;29.9;29;29.42198776430181;9317;274124.66;09/05/2023;29.9
09/05/2023;29.95;29.9;29.95;29.5;29.65220986169573;6652;197246.5;08/05/2023;29.5
08/05/2023;29.94;29.5;29.95;29.5;29.923607460788467;2359;70589.79;05/05/2023;30
05/05/2023;30;30;30;30;29.998000888494;2251;67525.5;04/05/2023;29.52
04/05/2023;29.5;29.52;29.52;29.5;29.505401459854017;1370;40422.4;03/05/2023;29
03/05/2023;29;29;29;29;29.000461285008235;607;17603.28;02/05/2023;29
02/05/2023;29.25;29;29.25;29;29.036205766710353;1526;44309.25;28/04/2023;29
28/04/2023;29;29;29;29;29.477114427860695;201;5924.9;27/04/2023;29
27/04/2023;29;29;29.01;29;29.004377654361317;3061;88782.4;26/04/2023;29
26/04/2023;29;29;29;29;29.00021933751119;2234;64786.49;25/04/2023;29
25/04/2023;29.25;29;29.25;29;29.029040247678015;1292;37505.52;24/04/2023;29.5
24/04/2023;29.5;29.5;29.5;29.5;29.5;351;10354.5;21/04/2023;29.5
21/04/2023;29.5;29.5;29.6;29.5;29.5086;6000;177051.6;20/04/2023;29.51
20/04/2023;29.5;29.51;29.51;29.5;29.501213213213212;1665;49119.52;19/04/2023;29.5
19/04/2023;29.8;29.5;29.8;29.5;29.513697749196144;1244;36715.04;17/04/2023;30.79
18/04/2023;;;;;29.6;25;740;17/04/2023;30.79
17/04/2023;30.79;30.79;30.79;30.79;30.78939617083947;2037;62718;14/04/2023;30.79
14/04/2023;30.79;30.79;30.9;30.79;30.81567457072772;1223;37687.57;13/04/2023;30.79
13/04/2023;31.5;31.5;31.5;31.49;31.48530297597705;2789;87812.51;12/04/2023;31.5
12/04/2023;31.5;31.5;31.5;31.5;31.5;80;2520;10/04/2023;30.5
11/04/2023;;;;;30.93;14;433.02;10/04/2023;30.5
10/04/2023;30.5;30.5;30.5;30.5;30.541020408163266;245;7482.55;05/04/2023;30.5
05/04/2023;29.8;30.5;30.5;29.8;30.076173285198557;277;8331.1;04/04/2023;30
04/04/2023;29.99;30;30;29.99;30.007205346294047;823;24695.93;03/04/2023;30
03/04/2023;30;30;30.1;29.99;30.00475753604194;3815;114468.15;31/03/2023;30
31/03/2023;30;30;30;30;30.001206272617612;829;24871;30/03/2023;30
30/03/2023;29.53;30;30;29.53;29.824633162142334;2726;81301.95;29/03/2023;29.51
29/03/2023;29.51;29.51;29.51;29.51;29.524466019417474;103;3041.02;28/03/2023;29.5
28/03/2023;29.5;29.5;29.5;29.3;29.406022144207398;3703;108890.5;27/03/2023;29
27/03/2023;29;29;29;29;29;3229;93641;24/03/2023;28.5
24/03/2023;28.5;28.5;28.5;28.5;28.52070949185043;1043;29747.1;23/03/2023;28.5
23/03/2023;28.25;28.5;28.5;28.25;28.311124694376527;409;11579.25;22/03/2023;28.15
22/03/2023;28.15;28.15;28.15;28.15;28.15957095709571;4848;136517.6;21/03/2023;29
21/03/2023;29;29;29;29;29.00072463768116;69;2001.05;20/03/2023;28.3
20/03/2023;28.3;28.3;28.3;28.3;28.3802380952381;210;5959.85;17/03/2023;28.3
17/03/2023;28.3;28.3;28.3;28.29;28.29208641273451;8795;248828.9;16/03/2023;28.3
16/03/2023;28.3;28.3;28.3;28.3;28.29164835164835;455;12872.7;15/03/2023;27.92
15/03/2023;28.3;27.92;28.3;27.92;28.041868327402135;5620;157595.3;14/03/2023;28.3
14/03/2023;28.3;28.3;28.3;28.3;28.572992700729927;137;3914.5;10/03/2023;28.3
13/03/2023;;;;;29.5;3;88.5;10/03/2023;28.3
10/03/2023;28;28.3;28.6;28;28.416481823783116;1623;46119.95;09/03/2023;29
09/03/2023;29.99;29;29.99;28.99;29.006288811224234;19743;572671.16;08/03/2023;29.99
08/03/2023;29.99;29.99;29.99;29.99;29.99;78;2339.22;07/03/2023;29.5
07/03/2023;29.5;29.5;29.5;29.5;29.424281984334204;383;11269.5;06/03/2023;29.9
06/03/2023;29.9;29.9;29.9;29.9;29.900000000000002;77;2302.3;03/03/2023;30
03/03/2023;30;30;30;30;30;2227;66810;01/03/2023;30
02/03/2023;;;;;;;;01/03/2023;30
01/03/2023;30;30;30;29.4;29.459984932194878;39820;1173096.6;28/02/2023;29.4
28/02/2023;30;29.4;30;29.4;29.55473441108545;4330;127972;27/02/2023;29.5
27/02/2023;29.5;29.5;29.5;29.5;29.503475935828877;935;27585.75;22/02/2023;29.5
24/02/2023;;;;;;;;22/02/2023;29.5
23/02/2023;;;;;;;;22/02/2023;29.5
22/02/2023;30;29.5;30;29.5;29.526853202493037;7541;222662;16/02/2023;30
21/02/2023;;;;;;;;16/02/2023;30
20/02/2023;;;;;;;;16/02/2023;30
17/02/2023;;;;;30;10;300;16/02/2023;30
16/02/2023;30;30;30;30;30.00251853071982;6071;182145.29;15/02/2023;30.49
15/02/2023;30.5;30.49;30.5;30.49;30.49278846153846;208;6342.5;13/02/2023;30.77
14/02/2023;;;;;;;;13/02/2023;30.77
13/02/2023;30.79;30.77;30.79;30.77;30.78969843527738;3515;108225.79;09/02/2023;30.79
10/02/2023;;;;;30.8;19;585.2;09/02/2023;30.79
09/02/2023;30.79;30.79;30.79;30.79;30.795299145299147;117;3603.05;08/02/2023;30.9
08/02/2023;31.1;30.9;31.1;30.5;30.982504932819694;10643;329746.8;07/02/2023;31.2
07/02/2023;31.8;31.2;31.85;31.2;31.794990689013037;5370;170739.1;06/02/2023;31.8
06/02/2023;31.8;31.8;31.8;31.8;31.800042544139544;4701;149492;03/02/2023;31.5
03/02/2023;32;31.5;32;31.5;31.576651480637814;439;13862.15;01/02/2023;31.9
02/02/2023;;;;;31.635454545454547;22;695.98;01/02/2023;31.9
01/02/2023;31.99;31.9;32;31.9;31.94058823529412;1207;38552.29;31/01/2023;31.9
31/01/2023;32;31.9;32;31.9;31.938864541832668;502;16033.31;30/01/2023;31.7
30/01/2023;31.7;31.7;31.7;31.7;31.7;171;5420.7;27/01/2023;31.7
27/01/2023;31.8;31.7;31.8;31.7;31.75765682656827;1084;34425.3;26/01/2023;31.9
26/01/2023;31.9;31.9;31.9;31.9;31.900063251106893;1581;50434;25/01/2023;32
25/01/2023;32;32;32;32;31.99988990421667;9083;290655;23/01/2023;32
24/01/2023;;;;;;;;23/01/2023;32
23/01/2023;31.5;32;32;31.5;31.626781695423855;1333;42158.5;20/01/2023;31.5
20/01/2023;31.5;31.5;31.5;31.5;31.507157057654076;503;15848.1;19/01/2023;31.4
19/01/2023;32;31.4;32;31.4;31.95620048225973;5806;185537.7;18/01/2023;32
18/01/2023;32;32;32;32;32.000037921880924;2637;84384.1;17/01/2023;31.7
17/01/2023;31.4;31.7;31.7;31.3;31.481764240506326;2528;79585.9;16/01/2023;31.3
16/01/2023;32.7;31.3;32.7;31.3;31.58265376641327;1447;45700.1;13/01/2023;32.7
13/01/2023;33;32.7;33;32.7;32.86578034682081;1730;56857.8;12/01/2023;33
12/01/2023;33;33;33;32.5;32.83557692307692;6760;221968.5;11/01/2023;32.4
11/01/2023;31.01;32.4;32.5;31;31.930500166722243;2999;95759.57;10/01/2023;31.01
10/01/2023;32;31.01;32;31.01;31.93667960806064;5409;172745.5;09/01/2023;31
09/01/2023;29.8;31;31;29.8;30.977791964101268;174268;5398437.85;06/01/2023;29.5
06/01/2023;29.1;29.5;29.5;29.1;29.20864197530864;405;11829.5;05/01/2023;29.1
05/01/2023;29;29.1;29.1;29;29.00082429315794;23414;679025.3;04/01/2023;29
04/01/2023;29.01;29;29.1;29;29.009623430962343;1673;48533.1;03/01/2023;29
03/01/2023;29.8;29;29.8;29;29.153375796178345;785;22885.4;30/12/2022;29.8
02/01/2023;;;;;;;;30/12/2022;29.8
30/12/2022;29.8;29.8;29.8;29.8;29.799999999999997;552;16449.6;29/12/2022;29
29/12/2022;28.6;29;29;28.6;28.694320889594916;1259;36126.15;28/12/2022;28.6
28/12/2022;28.6;28.6;28.6;28.6;28.644214876033057;121;3465.95;27/12/2022;28.32
27/12/2022;28.32;28.32;28.32;28.32;28.419329608938547;537;15261.18;22/12/2022;27.5
26/12/2022;;;;;;;;22/12/2022;27.5
23/12/2022;;;;;;;;22/12/2022;27.5
22/12/2022;27.5;27.5;27.5;27.5;27.500758171402897;8903;244839.25;21/12/2022;27.5
21/12/2022;27.7;27.5;27.7;27.5;27.568347953216374;1368;37713.5;20/12/2022;27.5
20/12/2022;27.5;27.5;27.55;27.5;27.507076101468623;749;20602.8;16/12/2022;27.25
19/12/2022;;;;;;;;16/12/2022;27.25
16/12/2022;29;27.25;29;27.25;27.452733024460716;20073;551058.71;15/12/2022;29
15/12/2022;29.9;29;29.9;29;29.089271730618638;1277;37147;14/12/2022;30
14/12/2022;30;30;30;30;30.014084507042252;213;6393;13/12/2022;30
13/12/2022;30;30;30;29.3;29.5318667504714;1591;46985.2;12/12/2022;30
12/12/2022;30.3;30;30.3;30;30.077697841726618;1390;41808;07/12/2022;30.3
07/12/2022;28.51;30.3;30.3;28.21;28.868201511335013;1985;57303.38;05/12/2022;28.3
06/12/2022;;;;;;;;05/12/2022;28.3
05/12/2022;30;29.01;30;29;29.07331640331076;10632;309107.5;01/12/2022;30
02/12/2022;;;;;;;;01/12/2022;30
01/12/2022;30.15;30;30.15;30;30.132703153037685;7802;235095.35;30/11/2022;30
30/11/2022;30;30;30;30;29.995530012771393;1566;46973;29/11/2022;29.57
29/11/2022;29.57;29.57;29.57;29.57;29.57;300;8871;28/11/2022;29.6
28/11/2022;29.6;29.6;29.6;29.6;29.600727913728743;4822;142734.71;25/11/2022;29.61
25/11/2022;30.55;29.61;30.55;29.6;29.717297830374754;507;15066.67;24/11/2022;29.55
24/11/2022;29.55;29.55;29.55;29.55;29.549999999999997;173;5112.15;23/11/2022;29.55
23/11/2022;29.65;29.55;29.65;29.55;29.564059753954307;1138;33643.9;22/11/2022;29.55
22/11/2022;30.5;29.55;30.5;29.55;30.035714285714285;700;21025;21/11/2022;29.98
21/11/2022;30.5;29.98;30.5;29.5;30.002051473330848;5362;160871;18/11/2022;31
18/11/2022;31.1;31;31.1;31;31.010636182902584;1006;31196.7;17/11/2022;31.1
17/11/2022;32;31.1;32;31.1;31.523459244532802;1006;31712.6;16/11/2022;31
16/11/2022;31;31;31;31;31;7810;242110;15/11/2022;31
15/11/2022;31;31;31;31;31;156;4836;14/11/2022;30.55
14/11/2022;31;30.55;31;30.55;30.940132122213047;2422;74937;11/11/2022;31
11/11/2022;32;31;32;31;31.043387580718804;30662;951852.35;10/11/2022;31
10/11/2022;30.2;31;31.5;30.2;30.99850332904381;17873;554036.25;09/11/2022;30.1
09/11/2022;30;30.1;30.1;30;30.07311146752205;3741;112503.51;08/11/2022;30.1
08/11/2022;30.1;30.1;30.1;30.1;30.099999999999998;61;1836.1;04/11/2022;30.1
07/11/2022;;;;;30.005405405405405;37;1110.2;04/11/2022;30.1
04/11/2022;29.5;30.1;30.6;29.5;30.057240653627137;8078;242802.39;03/11/2022;29.2
03/11/2022;29.2;29.2;29.2;29.2;29.16014285714286;70;2041.21;27/10/2022;29.7
02/11/2022;;;;;29.7;27;801.9;27/10/2022;29.7
31/10/2022;;;;;;;;27/10/2022;29.7
28/10/2022;;;;;;;;27/10/2022;29.7
27/10/2022;29.99;29.7;30;29.7;29.977792022792023;702;21044.41;26/10/2022;30
26/10/2022;29.99;30;30;29.99;29.992566409597256;2334;70002.65;24/10/2022;29
25/10/2022;;;;;29.900000000000002;6;179.4;24/10/2022;29
24/10/2022;30;29;30;29;29.74254835039818;1758;52287.4;21/10/2022;30
21/10/2022;30;30;30;30;30;3003;90090;20/10/2022;30
20/10/2022;30;30;30.33;29.85;30.130860594543233;14734;443948.1;19/10/2022;30
19/10/2022;29.75;30;30.5;29.75;30.004231433506046;2895;86862.25;18/10/2022;29.75
18/10/2022;30;29.75;30;29.75;29.848210023866347;419;12506.4;17/10/2022;29
17/10/2022;29;29;29;29;29.16949152542373;59;1721;13/10/2022;28.51
14/10/2022;;;;;;;;13/10/2022;28.51
13/10/2022;28.51;28.51;28.51;28.51;28.51;749;21353.99;12/10/2022;28.51
12/10/2022;29;28.51;29.35;28.51;28.86209852598914;2578;74406.49;11/10/2022;29
11/10/2022;29;29;29;29;29;4475;129775;10/10/2022;29.5
10/10/2022;29.5;29.5;29.5;29.5;29.523026315789473;152;4487.5;07/10/2022;29.4
07/10/2022;30.9;29.4;30.9;29.4;30.318903150525088;857;25983.3;06/10/2022;30.9
06/10/2022;29.2;30.9;31;29.2;30.959086907948507;400113;12387133.14;05/10/2022;29.01
05/10/2022;30;29.01;30;29;29.10704163941574;13761;400542;04/10/2022;29.25
04/10/2022;28.51;29.25;30;28.5;29.237186479860785;157454;4603511.96;03/10/2022;28.5
03/10/2022;28;28.5;28.5;28;28.26143573381951;43880;1240111.8;30/09/2022;27.01
30/09/2022;27.01;27.01;27.01;27.01;27.009913675601997;6603;178346.46;29/09/2022;27.01
29/09/2022;27;27.01;27.01;27;27.000435687553786;149901;4047392.31;28/09/2022;27
28/09/2022;27;27;27;27;27;100;2700;27/09/2022;27
27/09/2022;27;27;27;27;27;409;11043;26/09/2022;27
26/09/2022;26.85;27;27.01;26.85;26.91788370124373;15357;413377.94;23/09/2022;26.98
23/09/2022;27;26.98;27;26.98;26.985537918871252;1701;45902.4;22/09/2022;27.95
22/09/2022;27.95;27.95;27.95;27.95;27.95;388;10844.6;21/09/2022;28
21/09/2022;27.4;28;28;27.4;27.505733665153954;20493;563675;20/09/2022;27
20/09/2022;27;27;27;27;27;300;8100;19/09/2022;27
19/09/2022;27.3;27;27.3;27;27.000245928365764;180947;4885613.5;16/09/2022;27.54
16/09/2022;27;27.54;27.54;26.55;27.00243250527829;22261;601101.15;14/09/2022;27.5
15/09/2022;;;;;27.4;1;27.4;14/09/2022;27.5
14/09/2022;27.5;27.5;27.52;27.5;27.50224337185588;7355;202279;13/09/2022;27.5
13/09/2022;27.5;27.5;27.5;27.5;27.5;890;24475;09/09/2022;27
12/09/2022;;;;;28.619999999999997;5;143.1;09/09/2022;27
09/09/2022;27;27;27.5;27;27.030022573363432;2215;59871.5;08/09/2022;26.5
08/09/2022;26.5;26.5;26.5;26.5;26.539386503067487;163;4325.92;06/09/2022;26.5
07/09/2022;;;;;26.6;18;478.8;06/09/2022;26.5
06/09/2022;26.5;26.5;26.5;26.5;26.500198019801978;1919;50853.88;02/09/2022;26.5
05/09/2022;;;;;26.5;1;26.5;02/09/2022;26.5
02/09/2022;26.6;26.5;26.6;26.5;26.580034129692834;293;7787.95;01/09/2022;26.5
01/09/2022;27;26.5;27;26.5;26.508546038948765;5289;140203.7;29/08/2022;28.49
31/08/2022;;;;;28.2;22;620.4;29/08/2022;28.49
29/08/2022;28.5;28.49;28.5;28.49;28.499814946619217;7025;200211.2;24/08/2022;28.5
26/08/2022;;;;;30;1;30;24/08/2022;28.5
25/08/2022;;;;;;;;24/08/2022;28.5
24/08/2022;28.5;28.5;28.5;28.5;28.5;101;2878.5;23/08/2022;28.5
23/08/2022;28.5;28.5;28.5;28.5;28.500146722974264;78379;2233813;22/08/2022;28
22/08/2022;29;28;29;28;28.098354411092487;6563;184409.5;19/08/2022;29.5
19/08/2022;29;29.5;29.5;29;29.277393403057122;1243;36391.8;18/08/2022;29
18/08/2022;29;29;29;29;29;3466;100514;17/08/2022;29
17/08/2022;29;29;29;29;29;493;14297;16/08/2022;29
16/08/2022;28.9;29;29;28.9;28.978113207547167;265;7679.2;15/08/2022;28.2
15/08/2022;28.2;28.2;28.2;28.2;28.278000000000002;100;2827.8;12/08/2022;28
12/08/2022;27.5;28;28.01;27.5;27.87932664756447;4188;116758.62;11/08/2022;27.6
11/08/2022;27;27.6;27.6;27;27.006118100920734;97205;2625129.71;10/08/2022;27
10/08/2022;27;27;27;27;26.999887593671943;2402;64853.73;09/08/2022;26
09/08/2022;25.9;26;26;25.9;25.942327113062568;4555;118167.3;08/08/2022;25.9
08/08/2022;27;25.9;27;25.5;26.9203660600931;9452;254451.3;05/08/2022;27
05/08/2022;27.5;27;27.5;27;27.05751218114073;3489;94403.66;04/08/2022;27
04/08/2022;27;27;27;26.99;26.998719104016477;7768;209726.05;03/08/2022;27
03/08/2022;27;27;27;27;27.000878859857483;421;11367.37;02/08/2022;27
02/08/2022;27.01;27;27.02;27;27.00770456191166;1381;37297.64;27/07/2022;27
01/08/2022;;;;;;;;27/07/2022;27
27/07/2022;27;27;27;27;27.00990099009901;202;5456;26/07/2022;27
26/07/2022;26.5;27;27;26.5;26.86046511627907;430;11550;25/07/2022;26.3
25/07/2022;27.7;26.3;27.7;26;26.449313276651406;3058;80882;22/07/2022;28
22/07/2022;26.5;28;28;26.5;27.331804281345565;1962;53625;21/07/2022;26.5
21/07/2022;26.48;26.5;26.5;26.48;26.499801007882155;7739;205081.96;20/07/2022;26.5
20/07/2022;27;26.5;27;26.5;26.878259109311742;494;13277.86;19/07/2022;26.5
19/07/2022;27;26.5;27;26.5;26.580128205128204;312;8293;18/07/2022;26
18/07/2022;25;26;26;25;25.03030303030303;1650;41300;15/07/2022;24.6
15/07/2022;24.87;24.6;24.87;24.6;24.8175327510917;5038;125030.73;14/07/2022;24.87
14/07/2022;24.87;24.87;24.87;24.87;24.87;1000;24870;12/07/2022;25.5
13/07/2022;;;;;;;;12/07/2022;25.5
12/07/2022;25.5;25.5;25.5;25.5;25.5;6435;164092.5;11/07/2022;25.5
11/07/2022;26;25.5;26;25.5;25.856486796785305;871;22521;08/07/2022;26.5
08/07/2022;26.5;26.5;26.5;26.5;26.5;50088;1327332;07/07/2022;26
07/07/2022;25;26;26;25;25.30408573342264;2986;75558;06/07/2022;24.5
06/07/2022;24.85;24.5;24.85;24.5;24.817766352470723;3501;86887;05/07/2022;25.5
05/07/2022;25.5;25.5;25.5;25.5;25.5;213;5431.5;01/07/2022;26.5
04/07/2022;;;;;;;;01/07/2022;26.5
01/07/2022;27.09;26.5;27.09;26.5;26.544248366013072;3825;101531.75;30/06/2022;27.09
30/06/2022;27.65;27.09;27.65;27.09;27.647565250327112;29042;802940.59;24/06/2022;28.2
28/06/2022;;;;;28.211111111111112;27;761.7;24/06/2022;28.2
27/06/2022;;;;;;;;24/06/2022;28.2
24/06/2022;28;28.2;28.5;27.9;28.488201974943795;125877;3586009.4;23/06/2022;27.9
23/06/2022;28;27.9;28;27.9;27.969658337582867;5883;164545.5;22/06/2022;29
22/06/2022;29.5;29;29.5;28.5;28.665258504236768;16286;466842.4;21/06/2022;29.5
21/06/2022;29.5;29.5;29.5;28.5;29.455516511886408;83667;2464454.7;20/06/2022;29
20/06/2022;28.6;29;29;28.6;28.979591836734695;980;28400;17/06/2022;28.46
17/06/2022;28.5;28.46;28.5;27.9;28.138028970512156;3866;108781.62;16/06/2022;27.45
16/06/2022;28;27.45;28;27.45;27.931470099667774;1204;33629.49;15/06/2022;28
15/06/2022;28;28;28;28;27.833333333333332;150;4175;14/06/2022;28
14/06/2022;28;28;28;28;28;50;1400;13/06/2022;28.1
13/06/2022;28.6;28.1;28.6;28.1;28.58769844954043;10771;307918.1;10/06/2022;28.6
10/06/2022;28.42;28.6;28.6;28.4;28.436827442827447;9620;273562.28;09/06/2022;28.42
09/06/2022;28.51;28.42;28.6;28.35;28.47268414067684;3014;85816.67;08/06/2022;28.4
08/06/2022;28.4;28.4;28.4;28.4;28.4;13000;369200;07/06/2022;28.4
07/06/2022;28.5;28.4;28.55;28.4;28.497720338983047;11800;336273.1;06/06/2022;28.55
06/06/2022;29.3;28.55;29.3;28.5;28.644372123602896;7605;217840.45;03/06/2022;29.3
03/06/2022;29.5;29.3;29.5;29.3;29.411363636363635;660;19411.5;02/06/2022;29.55
02/06/2022;29.45;29.55;29.55;29.45;29.457665576451348;4892;144106.9;01/06/2022;29.45
01/06/2022;29.7;29.45;29.7;29.4;29.481883408071752;1115;32872.3;31/05/2022;29.8
31/05/2022;29.8;29.8;29.8;28.8;28.86272;10000;288627.2;30/05/2022;30
30/05/2022;30;30;30;30;30;710;21300;27/05/2022;30
27/05/2022;30;30;30;30;30;12077;362310;26/05/2022;30
26/05/2022;29.7;30;30;29.7;29.73447003862254;86478;2571377.5;25/05/2022;29.75
25/05/2022;29.75;29.75;29.75;29.75;29.777173913043477;46;1369.75;24/05/2022;29.75
24/05/2022;30;29.75;30;29.75;29.82846081798314;16015;477702.8;23/05/2022;30
23/05/2022;29.5;30;30.05;29.5;29.635772267319027;17986;533029;20/05/2022;29.5
20/05/2022;30;29.5;30;29.5;29.795437597099948;1931;57534.99;19/05/2022;30
19/05/2022;30;30;30;30;30;6166;184980;18/05/2022;29.5
18/05/2022;30;29.5;30;29.5;29.85609028960818;1174;35051.05;17/05/2022;30
17/05/2022;32;30;32;30;30.558904552616305;12059;368509.83;16/05/2022;32
16/05/2022;32;32;32;32;32;197;6304;13/05/2022;32
13/05/2022;32.6;32;33.5;32;32.86998405103668;3135;103047.4;12/05/2022;32
12/05/2022;30.98;32;32;30.8;31.49701560542203;17558;553024.6;11/05/2022;31.2
11/05/2022;29.99;31.2;31.2;29.99;30.123216040498292;40298;1213905.36;10/05/2022;29.02
10/05/2022;30.5;29.02;30.5;29.02;30.141106608478804;19248;580156.02;09/05/2022;30.5
09/05/2022;32.35;30.5;32.35;30.5;30.540438344653737;14281;436148;06/05/2022;32.8
06/05/2022;33.5;32.8;33.5;32.8;33.32744107744108;9504;316744;05/05/2022;34
05/05/2022;35.3;34;35.5;32;34.78641269015733;53837;1872796.1;04/05/2022;36
04/05/2022;35.91;36;36.25;35.9;36.1531428746778;32588;1178158.62;03/05/2022;37.4
03/05/2022;38;37.4;38.2;37;37.690768859966255;4149;156379;02/05/2022;39.4
02/05/2022;39.9;39.4;39.9;39;39.637213690215006;6837;270999.63;29/04/2022;40
29/04/2022;40;40;40;39.95;39.99669338677354;499;19958.35;28/04/2022;39.85
28/04/2022;39.95;39.85;39.95;39.85;39.94023026315789;3040;121418.3;27/04/2022;40
27/04/2022;40;40;40;40;40;7196;287840;26/04/2022;39.78
26/04/2022;40;39.78;40;39;39.62050523441056;17576;696370;25/04/2022;40
25/04/2022;41;40;41;39.75;40.62156520524993;21486;872794.95;22/04/2022;42.1
22/04/2022;42.15;42.1;42.15;42.09;42.137934483973225;14195;598147.98;21/04/2022;42.45
21/04/2022;42;42.45;42.5;41.9;42.28018079263368;74284;3140740.95;20/04/2022;42
20/04/2022;42.3;42;42.6;42;42.478006794386275;17956;762735.09;19/04/2022;42.54
19/04/2022;42.5;42.54;42.6;42.5;42.597606662510024;11227;478243.33;18/04/2022;42.59
18/04/2022;42.6;42.59;42.6;42.59;42.59971427787984;36469;1553568.98;13/04/2022;42.6
13/04/2022;42.6;42.6;42.6;42.6;42.6;28101;1197102.6;12/04/2022;42.6
12/04/2022;42.6;42.6;42.6;42.6;42.62935483870968;620;26430.2;11/04/2022;43.57
11/04/2022;45.45;44;45.45;44;45.04114158636027;2698;121521;08/04/2022;45.49
08/04/2022;45.5;45.49;45.5;45.49;45.49923473142016;2718;123666.92;06/04/2022;45.5
07/04/2022;;;;;;;;06/04/2022;45.5
06/04/2022;45.5;45.5;45.5;45;45.04997027348395;6728;303096.2;05/04/2022;46
05/04/2022;46;46;46.01;45.5;45.91778329197684;1209;55514.6;04/04/2022;46
04/04/2022;46;46;46;46;46;13047;600162;01/04/2022;45.5
01/04/2022;45.2;45.5;46;45.2;45.370836369658825;6038;273949.11;31/03/2022;45.2
31/03/2022;46;45.2;46;45.2;45.50445070422535;1775;80770.4;30/03/2022;46.5
30/03/2022;46.5;46.5;46.5;46.5;46.5;12636;587574;29/03/2022;46.4
29/03/2022;46.35;46.4;46.4;46.35;46.38623853211009;218;10112.2;28/03/2022;46.5
28/03/2022;46.5;46.5;46.5;46.4;46.49414715719063;4186;194624.5;25/03/2022;46.5
25/03/2022;45.5;46.5;46.5;45.5;46.38367066466767;16008;742509.8;24/03/2022;45.5
24/03/2022;46.8;45.5;46.8;45.5;46.21924686192469;3585;165696;23/03/2022;46.8
23/03/2022;47;46.8;47;46.8;46.943553008595984;698;32766.6;22/03/2022;45.8
22/03/2022;46;45.8;46;45.8;45.993320920175385;16649;765742.8;21/03/2022;45
21/03/2022;45.01;45;45.01;45;45.34011235955056;89;4035.27;18/03/2022;46
18/03/2022;47.1;46;47.1;46;46.07581081081081;740;34096.1;17/03/2022;47.1
17/03/2022;46.5;47.1;47.1;46.5;46.68729333471977;9617;448991.7;16/03/2022;46.49
16/03/2022;45.6;46.49;46.5;45.6;46.038430415446356;9219;424428.29;15/03/2022;45.6
15/03/2022;45.6;45.6;45.6;45.6;45.6;58;2644.8;14/03/2022;47.5
14/03/2022;48;47.5;48;46;47.51600838803793;5484;260577.79;11/03/2022;48
11/03/2022;46;48;48;45;47.51267701161237;48655;2311729.3;10/03/2022;47
10/03/2022;46.5;47;47;46.5;46.909365049634765;10678;500898.2;09/03/2022;46.5
09/03/2022;46.49;46.5;46.5;46.49;46.49568965517241;1624;75509;08/03/2022;46.89
08/03/2022;47;46.89;47;46.8;46.97119437609842;28450;1336330.48;07/03/2022;47.1
07/03/2022;47.1;47.1;47.1;47.1;47.099999999999994;183;8619.3;04/03/2022;47.1
04/03/2022;46.5;47.1;47.1;46.5;46.95056248901388;5689;267101.75;03/03/2022;46
03/03/2022;45.5;46;46;45;45.53228885715797;18909;860970.05;02/03/2022;45.3
02/03/2022;44.8;45.3;45.3;44.8;44.94686510449652;1579;70971.1;01/03/2022;45
01/03/2022;43.5;45;45;43.5;43.990786605904496;5047;222021.5;28/02/2022;43.5
28/02/2022;44;43.5;44;43.5;43.565447953281115;36131;1574063.2;25/02/2022;44.3
25/02/2022;43.8;44.3;44.3;43.8;43.98056521739131;9200;404621.2;24/02/2022;43
24/02/2022;41.8;43;43;38;40.488285548798146;24171;978642.35;23/02/2022;41.85
23/02/2022;41.85;41.85;41.85;41.5;41.84335548172758;10535;440819.75;22/02/2022;41.85
22/02/2022;41.85;41.85;41.85;41.85;41.85;1700;71145;21/02/2022;41.85
21/02/2022;41.85;41.85;41.85;41.85;41.85;250;10462.5;18/02/2022;42.21
18/02/2022;43.5;42.21;43.5;42.2;42.6796915433185;9661;412328.5;17/02/2022;44.05
17/02/2022;45.5;44.05;45.5;44.05;45.38982136164897;16010;726691.04;16/02/2022;45.5
16/02/2022;46.1;45.5;46.1;45;45.553877551020406;1225;55803.5;15/02/2022;46.5
15/02/2022;46.5;46.5;46.5;46.3;46.39052970557309;15216;705878.3;14/02/2022;46.5
14/02/2022;45;46.5;46.98;45;46.462783157530694;34698;1612165.65;10/02/2022;47
11/02/2022;;;;;47;20;940;10/02/2022;47
10/02/2022;46.45;47;47.01;46.45;46.95634580281938;45471;2135152;09/02/2022;46.5
09/02/2022;44.5;46.5;46.5;44.45;44.99304414414415;55500;2497113.95;08/02/2022;45
08/02/2022;43;45;45;43;43.924538171156314;136425;5992405.12;07/02/2022;43
07/02/2022;43;43;43;43;43;46000;1978000;04/02/2022;43
04/02/2022;42;43;43.3;42;43.02081800794468;67970;2924125;03/02/2022;42.7
03/02/2022;42;42.7;42.7;42;42.629551881140664;20865;889465.6;02/02/2022;43
02/02/2022;43;43;43;42.99;42.99988501189532;25220;1084457.1;01/02/2022;43
01/02/2022;42.5;43;43;42;42.86016458788736;15554;666647;31/01/2022;43
31/01/2022;42.75;43;43;42;42.882651920004406;36302;1556726.03;28/01/2022;42.3
28/01/2022;42.75;42.3;42.75;42.25;42.31598664434725;55557;2350949.27;27/01/2022;42.85
27/01/2022;42.9;42.85;42.9;42.8;42.81652695194463;10259;439254.75;26/01/2022;42.9
26/01/2022;43;42.9;43;42.75;42.88146893491124;13520;579757.46;25/01/2022;43
25/01/2022;42.75;43;43.2;42.7;42.9492183908046;13050;560487.3;24/01/2022;43.1
24/01/2022;43.5;43.1;43.5;42;43.04736089729492;4547;195736.35;21/01/2022;44
21/01/2022;42.95;44;44;42.95;43.39111919562965;84936;3685468.1;20/01/2022;42.95
20/01/2022;42.35;42.95;43;42;42.0136534958226;31838;1337630.7;19/01/2022;43.5
19/01/2022;44.5;43.5;44.5;40.44;42.469290957463855;31197;1324914.47;18/01/2022;44.5
18/01/2022;45.45;44.5;45.45;44.5;45.00816326530612;980;44108;17/01/2022;46.1
17/01/2022;46.1;46.1;46.1;46.02;46.097145026575554;1317;60709.94;14/01/2022;47.5
14/01/2022;45;47.5;47.5;45;47.227343462865846;111555;5268446.3;13/01/2022;46.2
13/01/2022;47.5;46.2;47.5;46.2;46.83931623931624;4563;213727.8;12/01/2022;47.5
12/01/2022;44.9;47.5;47.5;44.9;46.60847916098186;84289;3928582.1;11/01/2022;45
11/01/2022;45;45;45;45;45;10000;450000;10/01/2022;45
10/01/2022;43.75;45;45;43.7;44.47122034105602;114468;5090531.65;07/01/2022;43.75
07/01/2022;43.5;43.75;43.75;43;43.638580647699996;25413;1108987.25;06/01/2022;43.75
06/01/2022;38.2;43.75;43.75;38;43.469430261087325;590990;25689998.59;05/01/2022;38.1
05/01/2022;37.2;38.1;38.2;37.2;37.99307240744952;48379;1838066.85;04/01/2022;37.2
04/01/2022;37.2;37.2;37.2;37.2;37.199999999999996;10909;405814.8;03/01/2022;37.2
03/01/2022;37;37.2;37.2;37;37.05238095238095;5418;200749.8;31/12/2021;37.23
31/12/2021;37;37.23;37.23;36.5;36.78156499347164;27572;1014141.31;30/12/2021;38.01
30/12/2021;38.2;38.01;38.4;38.01;38.332994620114185;18216;698273.83;29/12/2021;38
29/12/2021;38;38;38.01;38;38.00004156275977;12030;457140.5;28/12/2021;38
28/12/2021;38;38;38.05;37.9;38.00123097244936;15898;604143.57;27/12/2021;38
27/12/2021;37;38;38;37;37.73379847884845;31818;1200614;24/12/2021;37
24/12/2021;37;37;37;37;37;190;7030;23/12/2021;37
23/12/2021;35;37;37.01;35;36.93319232275754;12765;471452.2;22/12/2021;37
22/12/2021;37;37;37;37;37.054627659574464;940;34831.35;21/12/2021;38
21/12/2021;36.62;38;38;36.62;36.65509689274975;11972;438834.82;20/12/2021;36.62
20/12/2021;37.8;38.05;38.05;37.7;38.001916234031384;34286;1302933.7;17/12/2021;38
17/12/2021;38.1;38;38.19;38;38.07329879663616;21523;819451.61;16/12/2021;38.2
16/12/2021;38;38.2;38.2;38;38.058123930620326;29807;1134398.5;15/12/2021;38.4
15/12/2021;38;38.4;38.4;38;38.059455097977576;47715;1816006.9;14/12/2021;38.99
14/12/2021;39.79;38.99;39.79;37;38.64526310023164;63892;2469123.15;13/12/2021;39.79
13/12/2021;34.6;39.79;39.79;34.6;39.589039141027605;940752;37243467.75;10/12/2021;34.6
10/12/2021;34;34.6;34.6;34;34.2044590598878;62567;2140070.39;09/12/2021;34.5
09/12/2021;34;34.5;34.8;33.45;33.803397456002784;28695;969988.49;07/12/2021;34.3
07/12/2021;33.5;34.3;34.5;33.5;34.0302292006955;37958;1291719.44;06/12/2021;33.2
06/12/2021;33.1;33.2;33.25;33;33.09053389546681;50759;1679642.41;03/12/2021;33.1
03/12/2021;32.8;33.1;33.5;32.5;33.03189916311547;116862;3860173.8;02/12/2021;32.51
02/12/2021;32;32.51;32.51;30;32.36759390776802;117855;3814682.78;01/12/2021;32
01/12/2021;32.01;32;32.01;31.95;32.000190935463685;158221;5063102.21;30/11/2021;32.01
30/11/2021;28.1;32.01;32.22;27.85;31.747926396594682;1389827;44124125.3;29/11/2021;28.01
29/11/2021;25.9;28.01;28.19;25.9;27.96165989471213;800852;22393151.25;26/11/2021;25.55
26/11/2021;25.4;25.55;25.7;24;25.021929693343306;20055;501814.8;25/11/2021;26
25/11/2021;26;26;26;26;26;11517;299442;24/11/2021;26
24/11/2021;25.73;26;26;25.7;25.797272061515926;30041;774975.85;23/11/2021;25.73
23/11/2021;25.74;25.73;25.95;25.3;25.893012216210188;17927;464184.03;22/11/2021;25.8
22/11/2021;26;25.8;26;25.1;25.953481258874053;574005;14897428.01;19/11/2021;26.2
19/11/2021;26;26.2;26.35;26;26.22432205423566;54171;1420597.75;18/11/2021;26.2
18/11/2021;25;26.2;26.5;25;26.098318112385844;215383;5621134.05;17/11/2021;25.1
17/11/2021;25;25.1;25.1;25;25.017431458954533;37897;948085.6;16/11/2021;25
16/11/2021;24.65;25;25.1;24.65;24.97996005415477;74601;1863530;15/11/2021;24.65
15/11/2021;24.6;24.65;24.7;24.03;24.62315652173913;17250;424749.45;12/11/2021;24.6
12/11/2021;23.95;24.6;24.75;23.93;24.414799956979998;46490;1135044.05;11/11/2021;23.75
11/11/2021;23;23.75;24;23;23.445547509365642;55789;1308003.65;10/11/2021;22.6
10/11/2021;23;22.6;23;22.5;22.550390850823174;15914;358866.92;09/11/2021;23
09/11/2021;23;23;23;22.9;22.993311277330264;6952;159849.5;08/11/2021;23
08/11/2021;22;23;23.5;22;22.82873873873874;24420;557477.8;05/11/2021;22
05/11/2021;21.7;22;22;21.5;21.82122745490982;29940;653327.55;04/11/2021;21.8
04/11/2021;21.5;21.8;21.8;21.5;21.517569962686565;8576;184534.68;03/11/2021;21.55
03/11/2021;21.6;21.55;21.6;21.2;21.529814977270913;12539;269962.35;02/11/2021;21.6
02/11/2021;21.05;21.6;21.7;21.04;21.461738833333335;240000;5150817.32;29/10/2021;21.05
29/10/2021;21;21.05;21.05;20.99;21.009378185524973;4905;103051;28/10/2021;21.4
28/10/2021;21.61;21.4;21.61;21.4;21.584400764980877;4706;101576.19;27/10/2021;21.61
27/10/2021;20.8;21.61;21.7;20.2;21.129267746092218;35698;754272.6;26/10/2021;21
26/10/2021;21.45;21;21.5;20.75;21.196186597556462;2701;57250.9;25/10/2021;21.5
25/10/2021;21;21.5;21.5;21;21.491616549370868;23445;503870.95;22/10/2021;21
22/10/2021;21;21;21;20.6;20.929827982560447;12615;264029.78;21/10/2021;20.5
21/10/2021;20.5;20.5;21;20.5;20.559056767297417;6923;142330.35;20/10/2021;20.9
20/10/2021;20.89;20.9;21.1;20.89;20.985323754175628;21853;458592.28;19/10/2021;20.7
19/10/2021;21.15;20.7;21.5;20.5;20.807200956937802;13794;287014.53;18/10/2021;20.95
18/10/2021;20;20.95;21.45;20;20.992356207854026;27731;582139.03;15/10/2021;20
15/10/2021;18.5;20;20;18.5;19.69820324889632;46662;919157.56;14/10/2021;18
14/10/2021;18;18;18;17.5;17.918844876660344;33728;604366.8;13/10/2021;17.7
13/10/2021;17.9;17.7;17.92;17.5;17.832911143379082;21349;380714.82;12/10/2021;17.5
12/10/2021;17.6;17.5;17.6;17.5;17.541814014407333;1527;26786.35;11/10/2021;17.7
11/10/2021;17.61;17.7;17.95;17.5;17.647990634755462;19220;339194.38;07/10/2021;17.5
07/10/2021;16.57;17.5;17.8;16.57;17.31929131465386;32906;569908.6;06/10/2021;16.4
06/10/2021;16.5;16.4;16.5;16.4;16.440044886181468;3119;51276.5;05/10/2021;16.5
05/10/2021;16.3;16.5;16.5;16.3;16.39103690685413;2845;46632.5;04/10/2021;16.5
04/10/2021;16.6;16.5;16.6;16.5;16.542397137745976;3354;55483.2;01/10/2021;16.55
01/10/2021;17;16.55;17;16.5;16.568552517361113;9216;152695.78;30/09/2021;17.2
30/09/2021;17.2;17.2;17.2;17.2;17.2;2620;45064;29/09/2021;17.4
29/09/2021;17.4;17.4;17.5;17.36;17.404772313296903;1647;28665.66;28/09/2021;17.5
28/09/2021;17.5;17.5;17.5;17.5;17.5;1887;33022.5;27/09/2021;17.5
27/09/2021;17.9;17.5;17.9;17.5;17.518344456803856;5394;94493.95;24/09/2021;17.81
24/09/2021;17.8;17.81;17.81;17.75;17.786663517184362;8467;150599.68;23/09/2021;17.55
23/09/2021;17.5;17.55;18.11;17.5;17.945766116376877;15931;285894;22/09/2021;18
22/09/2021;17.22;18;18;17.22;17.742536798404057;18547;329070.83;21/09/2021;17.22
21/09/2021;17.2;17.22;17.22;17.1;17.151254589188508;15798;270955.52;20/09/2021;17.1
20/09/2021;17.2;17.1;17.25;17;17.105639396346305;5036;86144;17/09/2021;17.87
17/09/2021;17.3;17.87;18;17.3;17.7526947943903;42070;746855.87;16/09/2021;17.25
16/09/2021;16.61;17.25;17.25;16.61;16.967914831130688;10896;184882.4;15/09/2021;17
15/09/2021;16.6;17;17;16.6;16.75681778854473;5779;96837.65;14/09/2021;16.65
14/09/2021;16.6;16.65;16.65;16.6;16.621186440677967;4543;75510.05;13/09/2021;16.74
13/09/2021;16.75;16.74;16.75;16.74;16.73088455772114;667;11159.5;10/09/2021;16.75
10/09/2021;16.7;16.75;16.8;16.68;16.76722182849043;2822;47317.1;09/09/2021;16.5
09/09/2021;16.5;16.5;16.5;16.5;16.49949494949495;13860;228683;08/09/2021;16.21
08/09/2021;16.21;16.21;16.5;16.21;16.252956872479057;3223;52383.28;07/09/2021;16.21
07/09/2021;16.1;16.21;16.8;16.1;16.362004122552236;32019;523895.01;06/09/2021;16.12
06/09/2021;16.13;16.12;16.13;16.12;16.121124859392577;5334;85990.08;03/09/2021;16.1
03/09/2021;16;16.1;16.1;16;16.014645806171227;2301;36849.7;02/09/2021;16.1
02/09/2021;16;16.1;16.1;16;16.070260223048326;4842;77812.2;01/09/2021;16
01/09/2021;15.7;16;16;15.7;15.991690647482015;5560;88913.8;31/08/2021;15.7
31/08/2021;16.24;15.7;16.5;15.7;16.0590072705035;14717;236340.41;27/08/2021;16
27/08/2021;15.5;16;16.5;15.5;16.047503655456598;15046;241450.74;26/08/2021;15.02
26/08/2021;15.6;15.02;15.6;15;15.042559736336171;3641;54769.96;25/08/2021;15.6
25/08/2021;15.75;15.6;15.75;15.5;15.55525732899023;9210;143263.92;24/08/2021;15.75
24/08/2021;15;15.75;15.75;15;15.6094;9250;144386.95;23/08/2021;14.51
23/08/2021;13.95;14.51;14.51;13.95;14.115993764614185;1283;18110.82;20/08/2021;13.25
20/08/2021;13.5;13.25;13.6;13.2;13.389645445134574;7728;103475.18;19/08/2021;13.16
19/08/2021;14;13.16;14;12.9;13.580756585365855;20500;278405.51;18/08/2021;14
18/08/2021;14.35;14;14.35;14;14.068613861386138;1515;21313.95;17/08/2021;14.35
17/08/2021;14.35;14.35;14.4;14.35;14.351142022082703;18476;265151.7;16/08/2021;14.3
16/08/2021;14.3;14.3;14.3;14.29;14.297726184777407;4178;59735.9;13/08/2021;14.2
13/08/2021;14;14.2;14.2;14;14.096556247950149;3049;42980.4;12/08/2021;14
12/08/2021;14;14;14;14;13.994110718492344;849;11881;11/08/2021;14
11/08/2021;14;14;14;13.8;13.946449651225183;16773;233923.8;10/08/2021;14.3
10/08/2021;14.78;14.3;14.78;14.3;14.462456707457862;4331;62636.9;09/08/2021;14.79
09/08/2021;14.8;14.79;14.8;14.79;14.799375;3200;47358;06/08/2021;15
06/08/2021;15;15;15;15;15;1455;21825;05/08/2021;15
05/08/2021;15;15;15;15;15;15844;237660;04/08/2021;15
04/08/2021;15;15;15;15;15;6924;103860;03/08/2021;14.85
03/08/2021;14.85;14.85;14.89;14.85;14.851147446930579;3486;51771.1;02/08/2021;14.85
02/08/2021;15;14.85;15.1;14.85;15.000422624319878;7903;118548.34;30/07/2021;14.5
30/07/2021;15;14.5;15;13.8;14.055819846369388;41398;581882.83;27/07/2021;15.51
27/07/2021;15;15.51;15.51;14.4;14.825906728270285;27704;410736.92;26/07/2021;15
26/07/2021;15;15;15;14.4;14.543560295930948;40550;589741.37;23/07/2021;15
23/07/2021;16;15;16;14.35;14.972480715161128;27742;415366.56;22/07/2021;15.9
22/07/2021;16.5;15.9;16.5;15.35;15.857650877969604;20331;322401.9;21/07/2021;16.5
21/07/2021;15.9;16.5;16.5;15.9;15.951519644180875;13490;215186;20/07/2021;15.85
20/07/2021;15.9;15.85;15.9;15.8;15.874736215112321;11752;186559.9;19/07/2021;15.85
19/07/2021;15.71;15.85;15.85;15.71;15.812;2500;39530;16/07/2021;15.7
16/07/2021;15.9;15.7;16;15.7;15.920477137176938;3521;56056;15/07/2021;16
15/07/2021;15.89;16;16;15.6;15.939365441906654;10070;160509.41;14/07/2021;15.9
14/07/2021;15.9;15.9;16;15.9;15.908894022523823;3463;55092.5;13/07/2021;15.9
13/07/2021;15.9;15.9;16;15.9;15.927108605680035;7007;111601.25;12/07/2021;16
12/07/2021;16;16;16;16;16;3320;53120;09/07/2021;16
09/07/2021;16.2;16;16.2;16;16.03484965304549;6485;103986;08/07/2021;16.2
08/07/2021;16.5;16.2;16.5;16;16.142327203551048;3154;50912.9;07/07/2021;16.35
07/07/2021;16.35;16.35;16.36;16.35;16.351704946996467;1132;18510.13;06/07/2021;16.02
06/07/2021;16.4;16.02;16.4;16.02;16.157936241610738;2384;38520.52;02/07/2021;16.47
05/07/2021;;;;;;;;02/07/2021;16.47
02/07/2021;16.48;16.47;16.48;16.2;16.440177808302806;13104;215432.09;01/07/2021;16.5
01/07/2021;17.01;16.5;17.01;16.5;16.716509480728718;16138;269771.03;30/06/2021;17.01
30/06/2021;16.45;17.01;17.01;16.45;16.897263057511736;13632;230343.49;28/06/2021;16.5
28/06/2021;16.2;16.5;16.5;16.2;16.373537335285505;40980;670987.56;25/06/2021;16
25/06/2021;16;16;16;15.9;15.970091381100726;14445;230687.97;24/06/2021;15.8
24/06/2021;15.7;15.8;16;15.5;15.68353849867246;4143;64976.9;23/06/2021;15.5
23/06/2021;16.5;15.5;16.5;15.3;15.894363502575422;20385;324006.6;22/06/2021;16.1
22/06/2021;15.78;16.1;16.1;15.75;15.99127662517289;7230;115616.93;21/06/2021;15.7
21/06/2021;15.3;15.7;15.7;15.3;15.441544173359599;6599;101898.75;18/06/2021;15.3
18/06/2021;14.5;15.3;15.5;14.5;15.266123860421251;12724;194246.16;17/06/2021;14.65
17/06/2021;15;14.65;15;14.3;14.607690401768698;26234;383218.15;16/06/2021;15.4
16/06/2021;15.99;15.4;15.99;15.38;15.629044798222882;10804;168856.2;15/06/2021;15.99
15/06/2021;16.1;15.99;16.1;15.9;15.986283904837299;24001;383686.8;14/06/2021;16.1
14/06/2021;16.7;16.1;16.7;16.1;16.134670030047854;26957;434942.3;11/06/2021;16.7
11/06/2021;17;16.7;17.5;16.7;17.032646793361078;39886;679364.15;10/06/2021;16.7
10/06/2021;17.5;16.7;18;16.7;17.536173823225614;54216;950741.2;09/06/2021;17.45
09/06/2021;17.1;17.45;17.5;15.9;16.460301743329794;29197;480591.43;08/06/2021;17.4
08/06/2021;18;17.4;19.2;16.99;18.11608266102115;52431;949844.33;07/06/2021;18.23
07/06/2021;18.29;18.23;19;18.23;18.26437567728652;73824;1348349.27;04/06/2021;21.45
04/06/2021;21;21.45;21.7;20.2;21.410529637679;100767;2157474.84;03/06/2021;20.05
03/06/2021;19.5;20.05;20.2;19.3;19.66351990956826;27424;539252.37;02/06/2021;19.5
02/06/2021;19.61;19.5;19.61;19;19.25101819857176;26046;501412.02;01/06/2021;19.5
01/06/2021;19.9;19.5;19.9;19.3;19.64472069615431;24937;489880.4;31/05/2021;20
31/05/2021;20;20;21.45;20;20.878544213333335;46875;978681.76;28/05/2021;19.55
28/05/2021;18;19.55;19.55;18;19.298456864860107;45427;876671;27/05/2021;17
27/05/2021;17.8;17;18;17;17.406693993035404;27568;479867.74;26/05/2021;17.9
26/05/2021;18.05;17.9;18.1;17.8;17.992811975101276;30363;546315.75;25/05/2021;18
25/05/2021;18.75;18;18.75;18;18.239833391304348;28750;524395.21;24/05/2021;18.75
24/05/2021;20;18.75;20;18;18.384835984292568;25211;463500.1;21/05/2021;19.1
21/05/2021;20;19.1;20;18.4;19.07914836442561;38702;738401.2;20/05/2021;21.55
20/05/2021;21.75;21.55;21.89;21.55;21.80766036873381;13126;286247.35;19/05/2021;21.5
19/05/2021;21.9;21.5;21.9;21;21.194097693351424;15477;328021.05;18/05/2021;22.27
18/05/2021;22.6;22.27;22.68;22;22.405247740389854;9183;205747.39;17/05/2021;22.6
17/05/2021;23.95;22.6;23.95;22;22.7122271785885;18831;427693.95;14/05/2021;24
14/05/2021;24.9;24;24.9;24;24.31052490626674;3734;90775.5;13/05/2021;24.9
13/05/2021;24.5;24.9;25;24.5;24.8573167612501;25022;621979.78;12/05/2021;24.5
12/05/2021;23.99;24.5;24.75;23.99;24.420013364517207;20951;511623.7;11/05/2021;23.99
11/05/2021;24;23.99;24.2;23.99;24.00326787853534;19199;460838.74;10/05/2021;24.01
10/05/2021;24;24.01;24.7;24;24.293881435072993;33838;822056.36;07/05/2021;23.6
07/05/2021;23.4;23.6;24;23.4;23.68930726759117;15576;368984.65;06/05/2021;22.5
06/05/2021;21.9;22.5;22.6;21.8;22.210811623246492;9980;221663.9;05/05/2021;21.9
05/05/2021;22.07;21.9;22.07;20.5;21.769958094931095;12409;270143.41;04/05/2021;22.75
04/05/2021;22.75;22.75;22.75;22.75;22.639473684210525;285;6452.25;03/05/2021;23.48
03/05/2021;23.5;23.48;23.5;23.45;23.491575675675676;3700;86918.83;30/04/2021;23.2
30/04/2021;23;23.2;24;22.5;23.211474671669794;10660;247434.32;29/04/2021;21.5
29/04/2021;20;21.5;21.5;20;20.95441078783048;15054;315447.7;28/04/2021;19
28/04/2021;18;19;19;18;18.538286991828134;38914;721398.9;27/04/2021;18.09
27/04/2021;18.51;18.09;18.7;18.09;18.493920883310828;37767;698459.91;26/04/2021;18.5
26/04/2021;19.45;18.5;19.45;18.2;18.384850364151003;31443;578074.85;23/04/2021;19.5
23/04/2021;19.75;19.5;19.75;19.4;19.55669215221021;22758;445071.2;22/04/2021;19.4
22/04/2021;20;19.4;20.21;19.4;19.979003705359993;62612;1250925.38;21/04/2021;20.75
21/04/2021;20;20.75;21.5;20;20.94985056185014;42894;898622.89;20/04/2021;20
20/04/2021;21;20;21;18.99;19.46236664295875;106856;2079670.65;19/04/2021;21
19/04/2021;23.2;21;23.2;21;22.160303817709373;20012;443472;16/04/2021;24.59
16/04/2021;24.64;24.59;24.64;24.1;24.4259105748758;7045;172080.54;15/04/2021;24
15/04/2021;23.2;24;24;23.2;23.512347165616895;10796;253839.3;14/04/2021;23.2
14/04/2021;23.5;23.2;23.5;23.2;23.311982348947726;7365;171692.75;13/04/2021;23.4
13/04/2021;23.8;23.4;23.8;23.4;23.47743082000508;3939;92477.6;12/04/2021;23.43
12/04/2021;23.8;24;24.5;23.8;23.99610842663524;33940;814427.92;09/04/2021;25.5
09/04/2021;25.8;25.5;26;25;25.54640857462806;6251;159690.6;08/04/2021;26.2
08/04/2021;25.5;26.2;26.5;25.5;26.035682385229542;16032;417404.06;07/04/2021;25.25
07/04/2021;25;25.25;25.5;25;25.47479442259564;13985;356265;06/04/2021;25.1
06/04/2021;25.11;25.1;25.11;25.1;25.101093322920736;2561;64283.9;05/04/2021;25.1
05/04/2021;25;25.1;25.1;25;25.058211824094748;10301;258124.64;31/03/2021;25
